-- phpMyAdmin SQL Dump
-- version 4.9.2
-- https://www.phpmyadmin.net/
--
-- Hôte : 127.0.0.1:3306
-- Généré le :  Dim 31 mai 2020 à 11:00
-- Version du serveur :  10.4.10-MariaDB
-- Version de PHP :  7.4.3

SET SQL_MODE = "NO_AUTO_VALUE_ON_ZERO";
SET AUTOCOMMIT = 0;
START TRANSACTION;
SET time_zone = "+00:00";


/*!40101 SET @OLD_CHARACTER_SET_CLIENT=@@CHARACTER_SET_CLIENT */;
/*!40101 SET @OLD_CHARACTER_SET_RESULTS=@@CHARACTER_SET_RESULTS */;
/*!40101 SET @OLD_COLLATION_CONNECTION=@@COLLATION_CONNECTION */;
/*!40101 SET NAMES utf8mb4 */;

--
-- Base de données :  `resto_dbo_final`
--

-- --------------------------------------------------------

--
-- Structure de la table `commandes`
--

DROP TABLE IF EXISTS `commandes`;
CREATE TABLE IF NOT EXISTS `commandes` (
  `id` int(11) NOT NULL AUTO_INCREMENT,
  `frais` double NOT NULL,
  `date_achat` datetime DEFAULT NULL,
  `date_reception` datetime DEFAULT NULL,
  `prix` double NOT NULL,
  `statut` varchar(255) COLLATE utf8mb4_unicode_ci NOT NULL,
  `created` datetime NOT NULL,
  `user_id` int(11) DEFAULT NULL,
  `restaurant_id` int(11) DEFAULT NULL,
  PRIMARY KEY (`id`),
  KEY `IDX_35D4282CA76ED395` (`user_id`),
  KEY `IDX_35D4282CB1E7706E` (`restaurant_id`)
) ENGINE=InnoDB AUTO_INCREMENT=213 DEFAULT CHARSET=utf8mb4 COLLATE=utf8mb4_unicode_ci;

--
-- Déchargement des données de la table `commandes`
--

INSERT INTO `commandes` (`id`, `frais`, `date_achat`, `date_reception`, `prix`, `statut`, `created`, `user_id`, `restaurant_id`) VALUES
(2, 2.99, NULL, '2020-05-18 14:30:06', 22.99, 'en cours', '2020-03-31 18:32:21', NULL, NULL),
(3, 2.99, NULL, '2020-05-18 14:33:30', 90, 'en cours', '2020-03-31 18:42:33', NULL, NULL),
(4, 2.99, NULL, '2020-05-18 14:34:12', 32.99, 'abandonnée', '2020-04-01 07:39:59', NULL, NULL),
(6, 2.99, NULL, '2020-05-18 14:36:43', 15, 'livrée', '2020-04-01 08:06:14', NULL, NULL),
(7, 2.99, NULL, '2020-05-18 14:33:04', 550, 'en cours', '2020-04-01 13:48:32', NULL, NULL),
(8, 2.99, NULL, NULL, 210, 'en cours', '2020-04-02 14:31:50', NULL, NULL),
(9, 2.99, NULL, NULL, 220, 'en cours', '2020-04-02 15:29:21', NULL, NULL),
(10, 2.99, NULL, NULL, 220, 'en cours', '2020-04-02 15:55:15', NULL, NULL),
(11, 2.99, NULL, NULL, 220, 'en cours', '2020-04-02 15:55:58', NULL, NULL),
(12, 2.99, NULL, NULL, 60, 'en cours', '2020-04-03 10:27:04', NULL, NULL),
(13, 2.99, NULL, NULL, 60, 'en cours', '2020-04-03 10:27:12', NULL, NULL),
(14, 2.99, NULL, NULL, 20, 'en cours', '2020-04-03 10:29:03', NULL, NULL),
(15, 2.99, NULL, NULL, 20, 'en cours', '2020-04-03 10:29:54', NULL, NULL),
(16, 2.99, NULL, NULL, 20, 'en cours', '2020-04-03 10:30:42', NULL, NULL),
(17, 2.99, NULL, NULL, 30, 'en cours', '2020-04-03 10:31:38', NULL, NULL),
(18, 2.99, NULL, NULL, 30, 'en cours', '2020-04-03 10:33:12', NULL, NULL),
(19, 2.99, NULL, NULL, 30, 'en cours', '2020-04-03 10:43:57', NULL, NULL),
(20, 2.99, NULL, NULL, 30, 'en cours', '2020-04-03 10:44:12', NULL, NULL),
(21, 2.99, NULL, NULL, 40, 'en cours', '2020-04-03 10:59:57', NULL, NULL),
(22, 2.99, NULL, NULL, 10, 'en cours', '2020-04-03 11:22:46', NULL, NULL),
(23, 2.99, NULL, NULL, 30, 'en cours', '2020-04-03 14:49:48', NULL, NULL),
(24, 2.99, NULL, NULL, 30, 'en cours', '2020-04-03 14:58:09', NULL, NULL),
(25, 2.99, NULL, NULL, 30, 'en cours', '2020-04-03 15:21:52', NULL, NULL),
(26, 2.99, NULL, NULL, 30, 'en cours', '2020-04-03 15:26:24', NULL, NULL),
(27, 2.99, NULL, NULL, 30, 'en cours', '2020-04-03 15:29:45', NULL, NULL),
(28, 2.99, NULL, NULL, 30, 'en cours', '2020-04-03 15:30:15', NULL, NULL),
(29, 2.99, NULL, NULL, 30, 'en cours', '2020-04-03 15:30:53', NULL, NULL),
(30, 2.99, NULL, NULL, 30, 'en cours', '2020-04-03 15:33:44', NULL, NULL),
(31, 2.99, NULL, NULL, 30, 'en cours', '2020-04-03 15:37:04', NULL, NULL),
(32, 2.99, NULL, NULL, 30, 'en cours', '2020-04-03 15:38:45', NULL, NULL),
(33, 2.99, NULL, NULL, 30, 'en cours', '2020-04-03 15:41:01', NULL, NULL),
(34, 2.99, NULL, NULL, 30, 'en cours', '2020-04-03 15:42:40', NULL, NULL),
(35, 2.99, NULL, NULL, 30, 'en cours', '2020-04-03 15:43:06', NULL, NULL),
(36, 2.99, NULL, NULL, 30, 'en cours', '2020-04-03 15:44:18', NULL, NULL),
(37, 2.99, NULL, NULL, 30, 'en cours', '2020-04-03 15:46:21', NULL, NULL),
(38, 2.99, NULL, NULL, 30, 'en cours', '2020-04-03 15:49:16', NULL, NULL),
(39, 2.99, NULL, NULL, 30, 'en cours', '2020-04-04 15:46:00', NULL, NULL),
(40, 2.99, NULL, NULL, 24, 'en cours', '2020-04-04 15:49:09', NULL, NULL),
(41, 2.99, NULL, NULL, 40, 'en cours', '2020-04-04 15:52:44', NULL, NULL),
(42, 2.99, NULL, NULL, 30, 'en cours', '2020-04-04 15:57:39', NULL, NULL),
(43, 2.99, NULL, NULL, 66, 'en cours', '2020-04-04 16:04:05', NULL, NULL),
(44, 2.99, NULL, NULL, 20, 'en cours', '2020-04-04 16:05:39', NULL, NULL),
(45, 2.99, NULL, NULL, 20, 'en cours', '2020-04-04 16:11:36', NULL, NULL),
(46, 2.99, NULL, NULL, 10, 'en cours', '2020-04-04 16:12:08', NULL, NULL),
(47, 2.99, NULL, NULL, 20, 'en cours', '2020-04-04 16:15:18', NULL, NULL),
(48, 2.99, NULL, NULL, 20, 'en cours', '2020-04-04 16:17:11', NULL, NULL),
(49, 2.99, NULL, NULL, 20, 'en cours', '2020-04-04 16:19:20', NULL, NULL),
(50, 2.99, NULL, NULL, 20, 'en cours', '2020-04-04 16:20:40', NULL, NULL),
(51, 2.99, NULL, NULL, 60, 'en cours', '2020-04-04 16:21:41', NULL, NULL),
(52, 2.99, NULL, NULL, 20, 'en cours', '2020-04-13 12:26:04', NULL, NULL),
(53, 2.99, NULL, NULL, 20, 'en cours', '2020-04-13 12:31:03', 28, NULL),
(54, 2.99, '2020-04-13 14:38:59', '2020-04-17 20:08:11', 17, 'abandonnée', '2020-04-13 12:38:59', 28, 1),
(55, 2.99, '2020-04-14 10:37:44', NULL, 110, 'en cours', '2020-04-14 08:37:44', 38, NULL),
(56, 2.99, '2020-04-14 10:40:37', NULL, 120, 'en cours', '2020-04-14 08:40:37', 38, NULL),
(57, 2.99, '2020-04-14 10:43:14', NULL, 130, 'en cours', '2020-04-14 08:43:14', 38, NULL),
(58, 2.99, '2020-04-14 10:43:34', NULL, 30, 'en cours', '2020-04-14 08:43:34', 38, NULL),
(59, 2.99, '2020-04-14 10:44:56', NULL, 20, 'en cours', '2020-04-14 08:44:56', 38, NULL),
(60, 2.99, '2020-04-14 10:46:04', NULL, 40, 'en cours', '2020-04-14 08:46:04', 38, NULL),
(61, 2.99, '2020-04-16 09:40:09', NULL, 22.99, 'en cours', '2020-04-16 07:40:09', NULL, NULL),
(62, 2.99, '2020-04-16 09:54:28', '2020-04-17 20:06:14', 13, 'livrée', '2020-04-16 07:54:28', 1, NULL),
(63, 2.99, '2020-04-16 09:55:19', NULL, 22.99, 'en cours', '2020-04-16 07:55:19', 1, NULL),
(64, 2.99, '2020-04-16 09:57:07', NULL, 22.99, 'en cours', '2020-04-16 07:57:07', 1, NULL),
(65, 2.99, '2020-04-16 09:58:06', NULL, 22.99, 'en cours', '2020-04-16 07:58:06', 28, NULL),
(66, 2.99, '2020-04-16 11:44:20', NULL, 10, 'en cours', '2020-04-16 09:44:20', 1, NULL),
(67, 2.99, '2020-04-16 11:46:42', NULL, 22.99, 'livrée', '2020-04-16 09:46:42', 1, 1),
(68, 2.99, '2020-04-16 12:11:48', '2020-05-11 11:50:15', 30, 'abandonnée', '2020-04-16 10:11:48', 1, 1),
(69, 2.99, '2020-04-17 10:57:46', NULL, 10, 'livrée', '2020-04-17 08:57:46', 7, 1),
(70, 2.99, '2020-04-17 12:29:06', NULL, 22.99, 'livrée', '2020-04-17 10:29:06', 28, 1),
(71, 2.99, '2020-04-24 13:56:58', NULL, 112, 'livrée', '2020-04-24 11:56:58', 73, 1),
(72, 2.99, '2020-04-26 14:13:15', NULL, 80, 'livrée', '2020-04-26 12:13:15', 73, 1),
(73, 2.99, '2020-04-26 14:20:31', NULL, 240, 'livrée', '2020-04-26 12:20:31', 73, 1),
(74, 2.99, '2020-04-26 14:28:37', NULL, 20, 'abandonnée', '2020-04-26 12:28:37', 73, 1),
(75, 2.99, '2020-04-26 14:31:37', '2020-05-18 14:36:03', 10, 'livrée', '2020-04-26 12:31:37', 73, 1),
(76, 2.99, '2020-04-26 14:32:26', '2020-05-21 16:53:18', 20, 'livrée', '2020-04-26 12:32:26', 73, 1),
(77, 2.99, '2020-04-26 14:38:51', NULL, 20, 'en cours', '2020-04-26 12:38:51', 73, 1),
(78, 2.99, '2020-04-26 14:40:41', NULL, 20, 'en cours', '2020-04-26 12:40:41', 73, 1),
(79, 2.99, '2020-04-26 14:46:45', NULL, 20, 'en cours', '2020-04-26 12:46:45', 73, 1),
(80, 2.99, '2020-04-26 15:04:07', NULL, 20, 'en cours', '2020-04-26 13:04:07', 73, 1),
(81, 2.99, '2020-04-26 15:04:48', NULL, 20, 'en cours', '2020-04-26 13:04:48', 73, 1),
(82, 2.99, '2020-04-26 15:12:09', NULL, 20, 'en cours', '2020-04-26 13:12:09', 73, 1),
(83, 2.99, '2020-04-26 15:14:57', NULL, 20, 'en cours', '2020-04-26 13:14:57', 73, 1),
(84, 2.99, '2020-04-26 15:15:35', NULL, 10, 'en cours', '2020-04-26 13:15:35', 73, 1),
(85, 2.99, '2020-04-26 15:16:11', NULL, 20, 'en cours', '2020-04-26 13:16:11', 73, 1),
(86, 2.99, '2020-04-26 15:17:01', NULL, 10, 'en cours', '2020-04-26 13:17:01', 73, 1),
(87, 2.99, '2020-04-26 15:17:44', NULL, 20, 'en cours', '2020-04-26 13:17:44', 73, 1),
(88, 2.99, '2020-04-26 15:18:35', NULL, 20, 'en cours', '2020-04-26 13:18:35', 73, 1),
(89, 2.99, '2020-04-26 15:27:09', NULL, 20, 'en cours', '2020-04-26 13:27:09', 73, 1),
(90, 2.99, '2020-04-26 15:28:52', NULL, 10, 'en cours', '2020-04-26 13:28:52', 73, 1),
(91, 2.99, '2020-04-26 15:29:55', NULL, 20, 'en cours', '2020-04-26 13:29:55', 73, 1),
(92, 2.99, '2020-04-26 15:31:10', NULL, 20, 'en cours', '2020-04-26 13:31:10', 73, 1),
(93, 2.99, '2020-04-26 15:32:10', NULL, 20, 'en cours', '2020-04-26 13:32:10', 73, 1),
(94, 2.99, '2020-04-26 15:34:14', NULL, 20, 'en cours', '2020-04-26 13:34:14', 73, 1),
(95, 2.99, '2020-04-26 15:34:53', NULL, 20, 'en cours', '2020-04-26 13:34:53', 73, 1),
(96, 2.99, '2020-04-26 15:35:26', NULL, 10, 'en cours', '2020-04-26 13:35:26', 73, 1),
(97, 2.99, '2020-04-26 15:38:17', NULL, 20, 'en cours', '2020-04-26 13:38:17', 73, 1),
(98, 2.99, '2020-04-26 15:38:57', NULL, 10, 'en cours', '2020-04-26 13:38:57', 73, 1),
(99, 2.99, '2020-04-26 15:41:17', NULL, 20, 'en cours', '2020-04-26 13:41:17', 73, 1),
(100, 2.99, '2020-04-26 15:47:03', NULL, 10, 'en cours', '2020-04-26 13:47:03', 73, 1),
(101, 2.99, '2020-04-26 15:49:17', NULL, 10, 'en cours', '2020-04-26 13:49:17', 73, 1),
(102, 2.99, '2020-04-26 15:52:32', NULL, 20, 'en cours', '2020-04-26 13:52:32', 73, 1),
(103, 2.99, '2020-04-26 15:53:34', NULL, 20, 'en cours', '2020-04-26 13:53:34', 73, 1),
(104, 2.99, '2020-04-26 15:58:44', NULL, 20, 'en cours', '2020-04-26 13:58:44', 73, 1),
(105, 2.99, '2020-04-26 15:59:13', NULL, 10, 'en cours', '2020-04-26 13:59:13', 73, 1),
(106, 2.99, '2020-04-26 16:00:39', NULL, 20, 'en cours', '2020-04-26 14:00:39', 73, 1),
(107, 2.99, '2020-04-26 16:01:34', NULL, 20, 'en cours', '2020-04-26 14:01:34', 73, 1),
(108, 2.99, '2020-04-26 16:04:45', NULL, 20, 'en cours', '2020-04-26 14:04:45', 73, 1),
(109, 2.99, '2020-04-26 16:07:04', NULL, 10, 'en cours', '2020-04-26 14:07:04', 73, 1),
(110, 2.99, '2020-04-26 16:08:40', NULL, 10, 'en cours', '2020-04-26 14:08:40', 73, 1),
(111, 2.99, '2020-04-26 16:20:47', NULL, 20, 'en cours', '2020-04-26 14:20:47', 73, 1),
(112, 2.99, '2020-04-26 16:21:30', NULL, 20, 'en cours', '2020-04-26 14:21:30', 73, 1),
(113, 2.99, '2020-04-26 16:23:21', NULL, 20, 'en cours', '2020-04-26 14:23:21', 73, 1),
(114, 2.99, '2020-04-26 16:24:49', NULL, 10, 'en cours', '2020-04-26 14:24:49', 73, 1),
(115, 2.99, '2020-04-26 16:26:02', NULL, 20, 'en cours', '2020-04-26 14:26:02', 73, 1),
(116, 2.99, '2020-04-26 16:27:18', NULL, 20, 'en cours', '2020-04-26 14:27:18', 73, 1),
(117, 2.99, '2020-04-26 16:29:34', NULL, 20, 'en cours', '2020-04-26 14:29:34', 73, 1),
(118, 2.99, '2020-04-26 16:40:18', NULL, 20, 'en cours', '2020-04-26 14:40:18', 73, 1),
(119, 2.99, '2020-04-26 16:42:53', NULL, 20, 'en cours', '2020-04-26 14:42:53', 73, 1),
(120, 2.99, '2020-04-26 16:45:36', NULL, 20, 'en cours', '2020-04-26 14:45:36', 73, 1),
(121, 2.99, '2020-04-26 16:48:10', NULL, 20, 'en cours', '2020-04-26 14:48:10', 73, 1),
(122, 2.99, '2020-04-26 16:51:17', NULL, 10, 'livrée', '2020-04-26 14:51:17', 73, 1),
(123, 2.99, '2020-04-27 13:22:48', NULL, 10, 'en cours', '2020-04-27 11:22:48', 73, 1),
(124, 2.99, '2020-04-28 10:46:31', NULL, 48, 'en cours', '2020-04-28 08:46:31', 73, 1),
(125, 2.99, '2020-04-28 10:47:24', NULL, 10, 'en cours', '2020-04-28 08:47:24', 73, 1),
(126, 2.99, '2020-04-28 10:49:27', NULL, 60, 'en cours', '2020-04-28 08:49:27', 73, 1),
(127, 2.99, '2020-04-28 10:53:59', NULL, 58, 'en cours', '2020-04-28 08:53:59', 73, 1),
(128, 2.99, '2020-04-29 12:39:16', NULL, 20, 'en cours', '2020-04-29 10:39:16', 73, 1),
(129, 2.99, '2020-04-29 18:47:44', NULL, 64, 'en cours', '2020-04-29 16:47:44', 73, 1),
(130, 2.99, '2020-05-01 13:47:05', NULL, 55, 'en cours', '2020-05-01 11:47:05', 73, 1),
(131, 2.99, '2020-05-01 13:49:16', NULL, 100, 'en cours', '2020-05-01 11:49:16', 73, 1),
(132, 2.99, '2020-05-01 13:49:55', NULL, 25, 'en cours', '2020-05-01 11:49:55', 73, 1),
(133, 2.99, '2020-05-01 13:51:42', NULL, 51, 'en cours', '2020-05-01 11:51:42', 73, 1),
(134, 2.99, '2020-05-01 13:53:21', NULL, 69, 'en cours', '2020-05-01 11:53:21', 73, 1),
(135, 2.99, '2020-05-01 13:54:55', NULL, 25, 'en cours', '2020-05-01 11:54:55', 73, 1),
(136, 2.99, '2020-05-01 13:55:52', NULL, 27, 'en cours', '2020-05-01 11:55:52', 73, 1),
(137, 2.99, '2020-05-01 15:37:13', NULL, 13, 'en cours', '2020-05-01 13:37:13', 73, 1),
(138, 2.99, '2020-05-11 11:41:02', NULL, 50, 'en cours', '2020-05-11 09:41:02', 73, 1),
(139, 2.99, '2020-05-11 11:53:38', NULL, 104, 'en cours', '2020-05-11 09:53:38', 73, 1),
(140, 2.99, '2020-05-11 12:23:57', NULL, 50, 'en cours', '2020-05-11 10:23:57', 73, 2),
(141, 2.99, '2020-05-18 13:45:56', NULL, 20, 'en cours', '2020-05-18 11:45:56', 73, 1),
(142, 2.99, '2020-05-18 14:29:31', '2020-05-18 14:40:15', 0, 'livrée', '2020-05-18 12:29:31', NULL, NULL),
(143, 2.99, '2020-05-18 16:57:31', NULL, 30, 'en cours', '2020-05-18 14:57:31', 73, 1),
(144, 2.99, '2020-05-18 16:58:41', NULL, 30, 'en cours', '2020-05-18 14:58:41', 73, 1),
(145, 2.99, '2020-05-18 16:59:55', NULL, 30, 'en cours', '2020-05-18 14:59:55', 73, 1),
(146, 2.99, '2020-05-18 17:00:57', NULL, 30, 'en cours', '2020-05-18 15:00:57', 73, 1),
(147, 2.99, '2020-05-18 17:05:05', NULL, 32, 'en cours', '2020-05-18 15:05:05', 73, 1),
(148, 2.99, '2020-05-18 17:06:23', NULL, 80, 'en cours', '2020-05-18 15:06:23', 73, 2),
(149, 2.99, '2020-05-18 17:07:32', NULL, 45, 'en cours', '2020-05-18 15:07:32', 73, 1),
(150, 2.99, '2020-05-18 17:08:13', NULL, 30, 'en cours', '2020-05-18 15:08:13', 73, 1),
(151, 2.99, '2020-05-18 17:08:47', NULL, 30, 'en cours', '2020-05-18 15:08:47', 73, 1),
(152, 2.99, '2020-05-18 17:10:04', '2020-05-21 16:40:33', 75, 'livrée', '2020-05-18 15:10:04', 73, 2),
(153, 2.99, '2020-05-18 17:10:30', NULL, 30, 'en cours', '2020-05-18 15:10:30', 73, 1),
(154, 2.99, '2020-05-18 17:25:41', NULL, 40, 'en cours', '2020-05-18 15:25:41', 73, 1),
(155, 2.99, '2020-05-18 17:26:58', NULL, 30, 'en cours', '2020-05-18 15:26:58', 73, 1),
(156, 2.99, '2020-05-18 17:28:43', NULL, 45, 'en cours', '2020-05-18 15:28:43', 73, 1),
(157, 2.99, '2020-05-18 17:30:52', NULL, 20, 'en cours', '2020-05-18 15:30:52', 73, 1),
(158, 2.99, '2020-05-18 17:32:39', NULL, 143, 'en cours', '2020-05-18 15:32:39', 73, 1),
(159, 2.99, '2020-05-18 17:35:58', NULL, 24, 'en cours', '2020-05-18 15:35:58', 73, 1),
(160, 2.99, '2020-05-18 17:37:48', NULL, 30, 'en cours', '2020-05-18 15:37:48', 73, 1),
(161, 2.99, '2020-05-18 17:39:10', NULL, 32, 'en cours', '2020-05-18 15:39:10', 73, 1),
(162, 2.99, '2020-05-18 17:40:03', NULL, 20, 'en cours', '2020-05-18 15:40:03', 73, 1),
(163, 2.99, '2020-05-18 17:40:53', NULL, 52, 'en cours', '2020-05-18 15:40:53', 73, 1),
(164, 2.99, '2020-05-18 17:41:49', NULL, 20, 'en cours', '2020-05-18 15:41:49', 73, 1),
(165, 2.99, '2020-05-18 17:43:07', NULL, 20, 'en cours', '2020-05-18 15:43:07', 73, 1),
(166, 2.99, '2020-05-18 17:44:12', NULL, 30, 'en cours', '2020-05-18 15:44:12', 73, 1),
(167, 2.99, '2020-05-18 17:47:01', NULL, 30, 'en cours', '2020-05-18 15:47:01', 73, 1),
(168, 2.99, '2020-05-18 17:48:09', NULL, 20, 'en cours', '2020-05-18 15:48:09', 73, 1),
(169, 2.99, '2020-05-18 17:49:41', NULL, 20, 'en cours', '2020-05-18 15:49:41', 73, 1),
(170, 2.99, '2020-05-18 17:50:48', NULL, 20, 'en cours', '2020-05-18 15:50:48', 73, 1),
(171, 2.99, '2020-05-18 17:51:14', NULL, 20, 'en cours', '2020-05-18 15:51:14', 73, 1),
(172, 2.99, '2020-05-18 17:51:37', NULL, 30, 'en cours', '2020-05-18 15:51:37', 73, 1),
(173, 2.99, '2020-05-18 17:56:59', NULL, 30, 'en cours', '2020-05-18 15:56:59', 73, 1),
(174, 2.99, '2020-05-18 18:00:48', NULL, 30, 'en cours', '2020-05-18 16:00:48', 73, 1),
(175, 2.99, '2020-05-18 18:01:19', NULL, 20, 'en cours', '2020-05-18 16:01:19', 73, 1),
(176, 2.99, '2020-05-18 18:33:43', NULL, 20, 'en cours', '2020-05-18 16:33:43', 73, 1),
(177, 2.99, '2020-05-18 18:34:53', NULL, 30, 'en cours', '2020-05-18 16:34:53', 73, 1),
(178, 2.99, '2020-05-18 18:35:24', NULL, 30, 'en cours', '2020-05-18 16:35:24', 73, 1),
(179, 2.99, '2020-05-18 18:36:13', NULL, 30, 'en cours', '2020-05-18 16:36:13', 73, 1),
(180, 2.99, '2020-05-18 18:36:48', NULL, 20, 'en cours', '2020-05-18 16:36:48', 73, 1),
(181, 2.99, '2020-05-18 18:38:10', NULL, 45, 'en cours', '2020-05-18 16:38:10', 73, 1),
(182, 2.99, '2020-05-18 18:48:02', NULL, 10, 'en cours', '2020-05-18 16:48:02', 73, 1),
(183, 2.99, '2020-05-18 18:53:32', NULL, 20, 'en cours', '2020-05-18 16:53:32', 73, 1),
(184, 2.99, '2020-05-18 18:53:55', NULL, 20, 'en cours', '2020-05-18 16:53:55', 73, 1),
(185, 2.99, '2020-05-18 19:02:48', NULL, 30, 'en cours', '2020-05-18 17:02:48', 73, 1),
(186, 2.99, '2020-05-18 19:04:08', NULL, 20, 'en cours', '2020-05-18 17:04:08', 73, 1),
(187, 2.99, '2020-05-18 19:04:29', NULL, 20, 'en cours', '2020-05-18 17:04:29', 73, 1),
(188, 2.99, '2020-05-18 19:05:11', NULL, 20, 'en cours', '2020-05-18 17:05:11', 73, 1),
(189, 2.99, '2020-05-18 19:05:55', NULL, 10, 'en cours', '2020-05-18 17:05:55', 73, 1),
(190, 2.99, '2020-05-18 19:07:44', NULL, 20, 'en cours', '2020-05-18 17:07:44', 73, 1),
(191, 2.99, '2020-05-18 19:10:15', '2020-05-21 15:24:31', 5, 'abandonnée', '2020-05-18 17:10:15', 73, 4),
(192, 2.99, '2020-05-18 19:12:45', NULL, 40, 'en cours', '2020-05-18 17:12:45', 73, 1),
(193, 2.99, '2020-05-18 19:13:20', NULL, 142, 'en cours', '2020-05-18 17:13:20', 73, 1),
(194, 2.99, '2020-05-18 19:14:43', NULL, 135, 'en cours', '2020-05-18 17:14:43', 73, 1),
(195, 2.99, '2020-05-18 19:16:27', NULL, 100, 'en cours', '2020-05-18 17:16:27', 73, 1),
(196, 2.99, '2020-05-18 19:22:22', NULL, 90, 'en cours', '2020-05-18 17:22:22', 73, 1),
(197, 2.99, '2020-05-18 19:23:37', NULL, 121, 'en cours', '2020-05-18 17:23:37', 73, 1),
(198, 2.99, '2020-05-18 19:25:27', NULL, 140, 'en cours', '2020-05-18 17:25:27', 73, 1),
(199, 2.99, '2020-05-18 19:26:53', NULL, 30, 'en cours', '2020-05-18 17:26:53', 73, 1),
(200, 2.99, '2020-05-18 19:28:01', NULL, 15, 'en cours', '2020-05-18 17:28:01', 73, 1),
(201, 2.99, '2020-05-18 19:28:44', NULL, 90, 'en cours', '2020-05-18 17:28:44', 73, 1),
(202, 2.99, '2020-05-18 19:39:21', NULL, 32, 'en cours', '2020-05-18 17:39:21', 73, 1),
(203, 2.99, '2020-05-18 19:39:50', NULL, 49, 'en cours', '2020-05-18 17:39:50', 73, 1),
(204, 2.99, '2020-05-21 15:46:42', NULL, 40, 'en cours', '2020-05-21 13:46:42', 73, 1),
(205, 2.99, '2020-05-21 16:36:19', '2020-05-21 16:38:38', 25, 'livrée', '2020-05-21 14:36:19', 73, 2),
(206, 2.99, '2020-05-21 16:58:30', NULL, 75, 'en cours', '2020-05-21 14:58:30', 73, 1),
(207, 2.99, '2020-05-21 16:59:16', NULL, 90, 'en cours', '2020-05-21 14:59:16', 73, 1),
(208, 2.5, '2020-05-27 13:10:49', NULL, 55, 'en cours', '2020-05-27 11:10:49', 73, 1),
(209, 2.5, '2020-05-27 13:14:42', NULL, 23, 'en cours', '2020-05-27 11:14:42', 73, 1),
(210, 2.5, '2020-05-27 13:15:17', NULL, 22, 'en cours', '2020-05-27 11:15:17', 73, 1),
(211, 2.5, '2020-05-27 13:15:46', NULL, 5, 'en cours', '2020-05-27 11:15:46', 73, 2),
(212, 2.5, '2020-05-27 13:18:07', NULL, 80, 'en cours', '2020-05-27 11:18:07', 73, 2);

-- --------------------------------------------------------

--
-- Structure de la table `commande_plats`
--

DROP TABLE IF EXISTS `commande_plats`;
CREATE TABLE IF NOT EXISTS `commande_plats` (
  `id` int(11) NOT NULL AUTO_INCREMENT,
  `prix` double NOT NULL,
  `commande_id` int(11) NOT NULL,
  `plat_id` int(11) DEFAULT NULL,
  `menu_id` int(11) DEFAULT NULL,
  `created` datetime NOT NULL,
  `quantity` int(11) NOT NULL,
  PRIMARY KEY (`id`),
  KEY `IDX_BC22BDC982EA2E54` (`commande_id`),
  KEY `IDX_BC22BDC9D73DB560` (`plat_id`),
  KEY `IDX_BC22BDC9CCD7E912` (`menu_id`)
) ENGINE=InnoDB AUTO_INCREMENT=224 DEFAULT CHARSET=utf8mb4 COLLATE=utf8mb4_unicode_ci;

--
-- Déchargement des données de la table `commande_plats`
--

INSERT INTO `commande_plats` (`id`, `prix`, `commande_id`, `plat_id`, `menu_id`, `created`, `quantity`) VALUES
(1, 34.99, 3, 1, NULL, '2020-04-01 08:30:45', 0),
(2, 32.99, 3, 1, NULL, '2020-04-01 08:31:53', 0),
(3, 32.99, 3, 1, NULL, '2020-04-01 08:34:17', 0),
(4, 32.99, 3, 1, NULL, '2020-04-01 08:39:11', 0),
(5, 32.99, 3, 1, NULL, '2020-04-01 08:39:51', 0),
(6, 32.99, 3, 1, NULL, '2020-04-01 08:41:20', 0),
(7, 32.99, 3, 1, NULL, '2020-04-01 08:48:45', 0),
(8, 32.99, 3, 1, NULL, '2020-04-01 08:49:10', 0),
(9, 32.99, 3, 3, NULL, '2020-04-01 08:49:10', 0),
(10, 32.99, 3, 1, NULL, '2020-04-01 08:49:38', 0),
(11, 32.99, 3, 3, NULL, '2020-04-01 08:49:38', 0),
(12, 32.99, 3, 1, NULL, '2020-04-01 08:50:25', 0),
(13, 32.99, 3, 1, NULL, '2020-04-01 08:50:32', 0),
(14, 32.99, 3, 1, NULL, '2020-04-01 08:50:39', 0),
(15, 32.99, 3, 1, NULL, '2020-04-01 08:52:45', 0),
(17, 12, 3, 1, NULL, '2020-04-01 08:55:18', 0),
(18, 32.99, 3, 3, NULL, '2020-04-01 08:55:18', 0),
(19, 32.99, 3, 1, NULL, '2020-04-01 08:56:38', 0),
(20, 32.99, 3, 3, NULL, '2020-04-01 08:56:38', 0),
(21, 32.99, 3, 1, NULL, '2020-04-01 17:28:10', 0),
(22, 32.99, 3, 3, NULL, '2020-04-01 17:28:10', 0),
(23, 32.99, 3, 1, NULL, '2020-04-01 17:28:58', 0),
(24, 32.99, 3, 3, NULL, '2020-04-01 17:28:58', 0),
(25, 32.99, 3, 1, NULL, '2020-04-03 14:53:23', 0),
(26, 32.99, 3, 3, NULL, '2020-04-03 14:53:23', 0),
(27, 32.99, 3, 1, NULL, '2020-04-03 14:53:34', 0),
(28, 10, 37, 6, NULL, '2020-04-03 15:46:22', 0),
(29, 20, 37, 1, NULL, '2020-04-03 15:46:22', 0),
(30, 10, 38, 6, NULL, '2020-04-03 15:49:17', 0),
(31, 20, 38, 1, NULL, '2020-04-03 15:49:17', 0),
(32, 10, 39, 4, NULL, '2020-04-04 15:46:01', 0),
(33, 10, 39, 6, NULL, '2020-04-04 15:46:01', 0),
(34, 10, 42, 4, NULL, '2020-04-04 15:57:40', 0),
(35, 10, 42, 3, NULL, '2020-04-04 15:57:40', 0),
(36, 10, 43, 4, NULL, '2020-04-04 16:04:06', 0),
(37, 12, 43, 9, NULL, '2020-04-04 16:04:06', 0),
(38, 10, 48, 4, NULL, '2020-04-04 16:17:12', 0),
(39, 10, 48, 3, NULL, '2020-04-04 16:17:12', 0),
(40, 10, 49, 4, NULL, '2020-04-04 16:19:22', 0),
(41, 10, 49, 3, NULL, '2020-04-04 16:19:22', 0),
(42, 10, 50, 3, NULL, '2020-04-04 16:20:41', 0),
(43, 10, 50, 4, NULL, '2020-04-04 16:20:41', 0),
(44, 20, 51, 1, NULL, '2020-04-04 16:21:42', 0),
(45, 20, 56, 1, NULL, '2020-04-14 08:40:39', 0),
(46, 20, 57, 1, NULL, '2020-04-14 08:43:15', 0),
(47, 10, 57, 4, NULL, '2020-04-14 08:43:15', 0),
(48, 20, 58, 1, NULL, '2020-04-14 08:43:36', 0),
(49, 10, 58, 7, NULL, '2020-04-14 08:43:36', 0),
(50, 10, 59, 3, NULL, '2020-04-14 08:44:57', 0),
(51, 10, 59, 4, NULL, '2020-04-14 08:44:57', 0),
(52, 20, 60, 1, NULL, '2020-04-14 08:46:05', 0),
(53, 10, 60, 3, NULL, '2020-04-14 08:46:05', 0),
(54, 10, 66, 3, NULL, '2020-04-16 09:44:23', 0),
(55, 20, 68, 1, NULL, '2020-04-16 10:11:50', 0),
(56, 10, 68, 3, NULL, '2020-04-16 10:11:50', 0),
(57, 10, 69, 3, NULL, '2020-04-17 08:57:49', 0),
(58, 10, 71, 3, NULL, '2020-04-24 11:57:02', 0),
(59, 10, 71, 4, NULL, '2020-04-24 11:57:02', 0),
(60, 12, 71, 8, NULL, '2020-04-24 11:57:02', 0),
(61, 20, 72, 8, NULL, '2020-04-26 12:13:18', 0),
(62, 20, 73, 1, NULL, '2020-04-26 12:20:34', 0),
(63, 20, 74, 1, NULL, '2020-04-26 12:28:39', 0),
(64, 10, 75, 3, NULL, '2020-04-26 12:31:39', 0),
(65, 20, 76, 1, NULL, '2020-04-26 12:32:28', 0),
(66, 20, 77, 1, NULL, '2020-04-26 12:38:53', 0),
(67, 20, 78, 1, NULL, '2020-04-26 12:40:44', 0),
(68, 20, 79, 1, NULL, '2020-04-26 12:46:48', 0),
(69, 20, 80, 1, NULL, '2020-04-26 13:04:10', 0),
(70, 20, 81, 8, NULL, '2020-04-26 13:04:50', 0),
(71, 20, 88, 1, NULL, '2020-04-26 13:18:39', 0),
(72, 20, 91, 1, NULL, '2020-04-26 13:29:58', 0),
(73, 20, 92, 1, NULL, '2020-04-26 13:31:13', 0),
(74, 20, 94, 1, NULL, '2020-04-26 13:34:17', 0),
(75, 20, 95, 1, NULL, '2020-04-26 13:34:56', 0),
(76, 10, 96, 3, NULL, '2020-04-26 13:35:29', 0),
(77, 10, 98, 6, NULL, '2020-04-26 13:39:00', 0),
(78, 10, 100, 3, NULL, '2020-04-26 13:47:06', 0),
(79, 10, 101, 4, NULL, '2020-04-26 13:49:19', 0),
(80, 20, 103, 1, NULL, '2020-04-26 13:53:37', 0),
(81, 10, 105, 3, NULL, '2020-04-26 13:59:16', 0),
(82, 20, 106, 1, NULL, '2020-04-26 14:00:41', 0),
(83, 20, 107, 1, NULL, '2020-04-26 14:01:37', 0),
(84, 20, 108, 1, NULL, '2020-04-26 14:04:48', 0),
(85, 10, 110, 3, NULL, '2020-04-26 14:08:42', 0),
(86, 20, 111, 1, NULL, '2020-04-26 14:20:49', 0),
(87, 20, 112, 1, NULL, '2020-04-26 14:21:32', 0),
(88, 20, 113, 1, NULL, '2020-04-26 14:23:23', 0),
(89, 10, 114, 4, NULL, '2020-04-26 14:24:51', 0),
(90, 20, 115, 8, NULL, '2020-04-26 14:26:04', 0),
(91, 20, 116, 1, NULL, '2020-04-26 14:27:20', 0),
(92, 20, 117, 1, NULL, '2020-04-26 14:29:36', 0),
(93, 20, 118, 1, NULL, '2020-04-26 14:40:21', 0),
(94, 20, 119, 8, NULL, '2020-04-26 14:42:55', 0),
(95, 20, 120, 1, NULL, '2020-04-26 14:45:38', 0),
(96, 20, 121, 1, NULL, '2020-04-26 14:48:12', 0),
(97, 10, 122, 3, NULL, '2020-04-26 14:51:19', 0),
(98, 10, 123, 3, NULL, '2020-04-27 11:22:52', 0),
(99, 24, 124, 18, NULL, '2020-04-28 08:46:34', 0),
(100, 10, 125, 3, NULL, '2020-04-28 08:47:25', 0),
(101, 20, 126, 1, NULL, '2020-04-28 08:49:28', 0),
(102, 24, 127, 18, NULL, '2020-04-28 08:54:02', 0),
(103, 10, 127, 7, NULL, '2020-04-28 08:54:02', 0),
(104, 20, 128, 1, NULL, '2020-04-29 10:39:19', 0),
(105, 20, 129, 1, NULL, '2020-04-29 16:47:49', 0),
(106, 10, 129, 3, NULL, '2020-04-29 16:47:49', 0),
(107, 24, 129, 18, NULL, '2020-04-29 16:47:49', 0),
(108, 24, 134, 18, NULL, '2020-05-01 11:53:23', 0),
(109, 15, 134, 1, NULL, '2020-05-01 11:53:23', 0),
(110, 15, 135, 1, NULL, '2020-05-01 11:54:56', 0),
(111, 10, 135, 3, NULL, '2020-05-01 11:54:56', 0),
(112, 15, 136, NULL, 1, '2020-05-01 11:55:53', 0),
(113, 12, 136, NULL, NULL, '2020-05-01 11:55:53', 0),
(114, 13, 137, NULL, 10, '2020-05-01 13:37:15', 0),
(115, 20, 138, 1, NULL, '2020-05-11 09:41:05', 0),
(116, 10, 138, 3, NULL, '2020-05-11 09:41:05', 0),
(117, 15, 139, NULL, 1, '2020-05-11 09:53:40', 0),
(118, 20, 139, 1, NULL, '2020-05-11 09:53:40', 0),
(119, 24, 139, 18, NULL, '2020-05-11 09:53:40', 0),
(120, 45, 140, NULL, NULL, '2020-05-11 10:23:59', 0),
(121, 5, 140, 54, NULL, '2020-05-11 10:23:59', 0),
(122, 20, 141, 1, NULL, '2020-05-18 11:45:59', 0),
(123, 20, 143, 1, NULL, '2020-05-18 14:57:33', 0),
(124, 10, 143, 3, NULL, '2020-05-18 14:57:33', 0),
(125, 20, 144, 1, NULL, '2020-05-18 14:58:43', 0),
(126, 10, 144, 3, NULL, '2020-05-18 14:58:43', 0),
(127, 20, 145, 1, NULL, '2020-05-18 14:59:56', 0),
(128, 10, 145, 3, NULL, '2020-05-18 14:59:56', 0),
(129, 20, 146, 1, NULL, '2020-05-18 15:01:00', 0),
(130, 10, 146, 4, NULL, '2020-05-18 15:01:00', 0),
(131, 20, 151, 1, NULL, '2020-05-18 15:08:48', 0),
(132, 10, 151, 3, NULL, '2020-05-18 15:08:48', 0),
(133, 75, 152, 46, NULL, '2020-05-18 15:10:06', 0),
(134, 20, 153, 1, NULL, '2020-05-18 15:10:31', 0),
(135, 10, 153, 3, NULL, '2020-05-18 15:10:31', 0),
(136, 20, 154, 1, NULL, '2020-05-18 15:25:44', 0),
(137, 20, 154, 18, NULL, '2020-05-18 15:25:44', 0),
(138, 20, 155, 1, NULL, '2020-05-18 15:26:59', 0),
(139, 10, 155, 3, NULL, '2020-05-18 15:26:59', 0),
(140, 20, 156, 1, NULL, '2020-05-18 15:28:45', 0),
(141, 25, 156, 7, NULL, '2020-05-18 15:28:45', 0),
(142, 20, 157, 1, NULL, '2020-05-18 15:30:54', 0),
(143, 20, 158, 1, NULL, '2020-05-18 15:32:40', 0),
(144, 123, 158, 32, NULL, '2020-05-18 15:32:40', 0),
(145, 20, 159, 1, NULL, '2020-05-18 15:35:59', 0),
(146, 4, 159, 56, NULL, '2020-05-18 15:35:59', 0),
(147, 20, 160, 1, NULL, '2020-05-18 15:37:49', 0),
(148, 10, 160, 3, NULL, '2020-05-18 15:37:49', 0),
(149, 20, 161, 1, NULL, '2020-05-18 15:39:12', 0),
(150, 12, 161, 8, NULL, '2020-05-18 15:39:12', 0),
(151, 10, 162, 4, NULL, '2020-05-18 15:40:04', 0),
(152, 10, 162, 6, NULL, '2020-05-18 15:40:04', 0),
(153, 20, 163, 1, NULL, '2020-05-18 15:40:56', 0),
(154, 12, 163, 8, NULL, '2020-05-18 15:40:56', 0),
(155, 20, 164, 1, NULL, '2020-05-18 15:41:51', 0),
(156, 20, 165, 1, NULL, '2020-05-18 15:43:09', 0),
(157, 20, 168, 1, NULL, '2020-05-18 15:48:12', 0),
(158, 20, 169, 1, NULL, '2020-05-18 15:49:42', 0),
(159, 20, 170, 1, NULL, '2020-05-18 15:50:49', 0),
(160, 20, 171, 1, NULL, '2020-05-18 15:51:15', 0),
(161, 10, 172, 3, NULL, '2020-05-18 15:51:39', 0),
(162, 10, 172, 4, NULL, '2020-05-18 15:51:39', 0),
(163, 10, 172, 6, NULL, '2020-05-18 15:51:39', 0),
(164, 20, 173, 1, NULL, '2020-05-18 15:57:01', 0),
(165, 10, 173, 3, NULL, '2020-05-18 15:57:01', 0),
(166, 20, 174, 1, NULL, '2020-05-18 16:00:49', 0),
(167, 10, 174, 3, NULL, '2020-05-18 16:00:49', 0),
(168, 20, 175, 1, NULL, '2020-05-18 16:01:20', 0),
(169, 20, 176, 1, NULL, '2020-05-18 16:33:45', 0),
(170, 20, 177, 1, NULL, '2020-05-18 16:34:54', 0),
(171, 10, 177, 4, NULL, '2020-05-18 16:34:54', 0),
(172, 20, 178, 1, NULL, '2020-05-18 16:35:25', 0),
(173, 10, 178, 3, NULL, '2020-05-18 16:35:25', 0),
(174, 20, 179, 1, NULL, '2020-05-18 16:36:14', 0),
(175, 10, 179, 4, NULL, '2020-05-18 16:36:14', 0),
(176, 20, 180, 1, NULL, '2020-05-18 16:36:49', 0),
(177, 20, 181, 1, NULL, '2020-05-18 16:38:11', 0),
(178, 25, 181, 7, NULL, '2020-05-18 16:38:11', 0),
(179, 10, 182, 3, NULL, '2020-05-18 16:48:03', 0),
(180, 20, 183, 1, NULL, '2020-05-18 16:53:33', 0),
(181, 20, 184, 1, NULL, '2020-05-18 16:53:56', 0),
(182, 20, 185, 1, NULL, '2020-05-18 17:02:49', 0),
(183, 10, 185, 4, NULL, '2020-05-18 17:02:49', 0),
(184, 20, 186, 1, NULL, '2020-05-18 17:04:09', 0),
(185, 20, 187, 1, NULL, '2020-05-18 17:04:30', 0),
(186, 20, 188, 1, NULL, '2020-05-18 17:05:12', 0),
(187, 10, 189, 3, NULL, '2020-05-18 17:05:57', 0),
(188, 20, 190, 1, NULL, '2020-05-18 17:07:45', 0),
(189, 5, 191, 9, NULL, '2020-05-18 17:10:16', 0),
(190, 10, 192, 3, NULL, '2020-05-18 17:12:47', 0),
(191, 10, 192, 4, NULL, '2020-05-18 17:12:47', 0),
(192, 20, 192, 18, NULL, '2020-05-18 17:12:47', 0),
(193, 123, 193, 32, NULL, '2020-05-18 17:13:22', 0),
(194, 15, 193, 53, NULL, '2020-05-18 17:13:22', 0),
(195, 4, 193, 56, NULL, '2020-05-18 17:13:22', 0),
(196, 12, 194, 8, NULL, '2020-05-18 17:14:44', 0),
(197, 123, 194, 32, NULL, '2020-05-18 17:14:44', 0),
(198, 10, 195, 3, NULL, '2020-05-18 17:16:29', 0),
(199, 10, 195, 4, NULL, '2020-05-18 17:16:29', 0),
(200, 15, 200, 53, NULL, '2020-05-18 17:28:03', 1),
(201, 20, 201, 1, NULL, '2020-05-18 17:28:45', 4),
(202, 10, 201, 4, NULL, '2020-05-18 17:28:45', 1),
(203, 20, 202, 1, NULL, '2020-05-18 17:39:23', 1),
(204, 12, 202, NULL, 9, '2020-05-18 17:39:23', 1),
(205, 10, 203, 3, NULL, '2020-05-18 17:39:51', 1),
(206, 13, 203, NULL, 10, '2020-05-18 17:39:51', 3),
(207, 10, 204, 3, NULL, '2020-05-21 13:46:44', 1),
(208, 15, 204, NULL, 1, '2020-05-21 13:46:44', 1),
(209, 15, 204, NULL, 20, '2020-05-21 13:46:44', 1),
(210, 5, 205, 54, NULL, '2020-05-21 14:36:21', 5),
(211, 15, 206, 53, NULL, '2020-05-21 14:58:32', 4),
(212, 15, 206, NULL, 20, '2020-05-21 14:58:32', 1),
(213, 25, 207, 7, NULL, '2020-05-21 14:59:17', 3),
(214, 15, 207, NULL, 1, '2020-05-21 14:59:17', 1),
(215, 20, 208, 1, NULL, '2020-05-27 11:10:53', 2),
(216, 15, 208, NULL, 1, '2020-05-27 11:10:53', 1),
(217, 10, 209, 4, NULL, '2020-05-27 11:14:44', 1),
(218, 13, 209, NULL, 10, '2020-05-27 11:14:44', 1),
(219, 10, 210, 6, NULL, '2020-05-27 11:15:19', 1),
(220, 12, 210, NULL, 9, '2020-05-27 11:15:19', 1),
(221, 5, 211, 54, NULL, '2020-05-27 11:15:49', 1),
(222, 75, 212, 46, NULL, '2020-05-27 11:18:09', 1),
(223, 5, 212, 54, NULL, '2020-05-27 11:18:09', 1);

-- --------------------------------------------------------

--
-- Structure de la table `feedback`
--

DROP TABLE IF EXISTS `feedback`;
CREATE TABLE IF NOT EXISTS `feedback` (
  `id` int(11) NOT NULL AUTO_INCREMENT,
  `message` longtext COLLATE utf8mb4_unicode_ci NOT NULL,
  `created` datetime NOT NULL,
  `user_id` int(11) DEFAULT NULL,
  `restaurant_id` int(11) DEFAULT NULL,
  `rating` int(11) NOT NULL,
  PRIMARY KEY (`id`),
  KEY `IDX_D2294458A76ED395` (`user_id`),
  KEY `IDX_D2294458B1E7706E` (`restaurant_id`)
) ENGINE=InnoDB AUTO_INCREMENT=30 DEFAULT CHARSET=utf8mb4 COLLATE=utf8mb4_unicode_ci;

--
-- Déchargement des données de la table `feedback`
--

INSERT INTO `feedback` (`id`, `message`, `created`, `user_id`, `restaurant_id`, `rating`) VALUES
(11, 'Bon ptit resto lo', '2020-05-22 08:48:45', 73, 1, 0),
(14, 'rge', '2020-05-22 09:00:30', 73, 1, 0),
(17, 'er', '2020-05-22 09:25:23', 91, 1, 0),
(18, 'er', '2020-05-22 09:26:42', 91, 1, 3),
(19, 'oui', '2020-05-22 09:34:16', 91, 1, 5),
(20, 'pogU', '2020-05-22 09:34:54', 91, 2, 2),
(22, 'dsbsd', '2020-05-22 12:54:19', 73, 1, 4),
(23, 'vdvv', '2020-05-22 12:57:24', 73, 1, 3),
(24, 'cds', '2020-05-22 12:58:18', 73, 1, 4),
(25, 'dvsvds', '2020-05-22 13:00:20', 73, 1, 4),
(26, 'dddd', '2020-05-22 16:33:54', 73, 1, 3),
(27, 'pogy', '2020-05-22 16:38:43', 73, 1, 4),
(28, 'zaeaez', '2020-05-22 16:39:38', 73, 1, 4),
(29, 'azeaz', '2020-05-22 16:39:52', 73, 1, 4);

-- --------------------------------------------------------

--
-- Structure de la table `image`
--

DROP TABLE IF EXISTS `image`;
CREATE TABLE IF NOT EXISTS `image` (
  `id` int(11) NOT NULL AUTO_INCREMENT,
  `file_path` varchar(255) COLLATE utf8mb4_unicode_ci DEFAULT NULL,
  PRIMARY KEY (`id`)
) ENGINE=InnoDB AUTO_INCREMENT=196 DEFAULT CHARSET=utf8mb4 COLLATE=utf8mb4_unicode_ci;

--
-- Déchargement des données de la table `image`
--

INSERT INTO `image` (`id`, `file_path`) VALUES
(1, NULL),
(2, 'evznztwwkaixz87-5ea191b29bad7232242262.jpg'),
(3, 'evznztwwkaixz87-5ea192334dbef652563600.jpg'),
(4, 'evznztwwkaixz87-5ea19895e71c0683862716.jpg'),
(5, 'img-20191227-010653-5ea1a2ce13542561380429.jpg'),
(6, 'img-20191227-010653-5ea1bc3e369eb493827454.jpg'),
(7, 'liv-7257-5ea1bd8ccb796104551524.jpg'),
(8, 'liv-7257-5ea1bdb84633d592940425.jpg'),
(9, 'liv-7257-5ea1bf50cd3b5578366687.jpg'),
(10, 'picsart-03-10-10-03.39-5ea1bf7aa452e217159572.jpg'),
(11, 'jpg-5ea1bfa02c44b191292347.jpg'),
(12, 'liv-7257-5ea1bfb18fb56999535964.jpg'),
(13, 'liv-7257-5ea1bfc5a6da5409816169.jpg'),
(14, 'liv-7257-5ea1bfe83c96c693084868.jpg'),
(15, 'liv-7257-5ea1c04258ffe307500539.jpg'),
(16, 'jpg-5ea1c0c2eecb6267606130.jpg'),
(17, 'img-20191227-010653-5ea1c10cc8dc2920942179.jpg'),
(18, 'jpg-5ea1c1ad25cc2670413845.jpg'),
(19, 'liv-7257-5ea1c1ededf3b308806675.jpg'),
(20, 'liv-7257-5ea1c27a222fe105655942.jpg'),
(21, 'jpg-5ea1c2e7eda89825467670.jpg'),
(22, 'eszx3f4woamf-5g-5ea1c34977af1534869909.jpg'),
(23, 'be6cd1f00da18a96d9900abf8cbd7c68-5ea1c3b3f2a30168680138.jpg'),
(24, 'liv-7257-5ea1c3c6d5a51193933239.jpg'),
(25, 'evznztwwkaixz87-5ea1c3fd8ab91615291274.jpg'),
(26, 'liv-7257-5ea1c41f766b6420865499.jpg'),
(27, 'picsart-03-10-10-03.39-5ea1c43f7ff72604552613.jpg'),
(28, 'evznztwwkaixz87-5ea1c44fab3c7628487589.jpg'),
(29, 'jpg-5ea1c478e4771022786334.jpg'),
(30, 'liv-7257-5ea1c48106830835025743.jpg'),
(31, 'img-20191227-010653-5ea1c49f8f7af269285050.jpg'),
(32, 'img-20191227-010653-5ea1c5013c240636023302.jpg'),
(33, 'evznztwwkaixz87-5ea1c5f5ecccc585780836.jpg'),
(34, 'jpg-5ea1c6a358f90988833086.jpg'),
(35, 'eszx3f4woamf-5g-5ea1c6c5040f1116152557.jpg'),
(36, 'evznztwwkaixz87-5ea1c79b96835215422702.jpg'),
(37, 'be6cd1f00da18a96d9900abf8cbd7c68-5ea2d090089d6138430705.jpg'),
(38, 'liv-7257-5ea2d3aed1f67365316389.jpg'),
(39, 'jpg-5ea2ddb5afa9a037251640.jpg'),
(40, 'jpg-5ea2ddf4b4d33134295342.jpg'),
(41, 'liv-7257-5ea2ddfc5992b719812948.jpg'),
(42, 'picsart-03-10-10-03.39-5ea2de1c834ac984444260.jpg'),
(43, 'be6cd1f00da18a96d9900abf8cbd7c68-5ea2de71cb228053542280.jpg'),
(44, 'evznztwwkaixz87-5ea2df99a7a86454169444.jpg'),
(45, 'img-20191227-010653-5ea2dfcf8d5a7212863077.jpg'),
(46, 'evznztwwkaixz87-5ea2e022eaa63347159969.jpg'),
(47, 'img-20191227-010653-5ea2e0e238a41579266153.jpg'),
(48, 'evznztwwkaixz87-5ea2e37957c39411106998.jpg'),
(49, 'eszx3f4woamf-5g-5ea2e3b660c45699109177.jpg'),
(50, 'img-20191227-010653-5ea2e3e2debbe658975181.jpg'),
(51, 'img-20191227-010653-5ea2e414eff23218447402.jpg'),
(52, 'be6cd1f00da18a96d9900abf8cbd7c68-5ea2e43a90e7b912128713.jpg'),
(53, 'img-20191227-010653-5ea2e4daea86e661118279.jpg'),
(54, 'evznztwwkaixz87-5ea2e509c9de8918032833.jpg'),
(55, 'picsart-03-10-10-03.39-5ea2e51e15278757502714.jpg'),
(56, 'eszx3f4woamf-5g-5ea2e56433cac964020129.jpg'),
(57, 'evznztwwkaixz87-5ea2e6972b6c4283633580.jpg'),
(58, 'be6cd1f00da18a96d9900abf8cbd7c68-5ea2e6e5d4578967605179.jpg'),
(59, 'liv-7257-5ea2ed51dbf17745016183.jpg'),
(60, 'img-20191227-010653-5ea2ef1cef9de663239786.jpg'),
(61, 'jpg-5ea2ef2e2df1e180416103.jpg'),
(62, 'liv-7257-5ea2ef4b58af7008479587.jpg'),
(63, 'img-20191227-010653-5ea2ef51c3f79200135967.jpg'),
(64, 'be6cd1f00da18a96d9900abf8cbd7c68-5ea2ef5c5f5b6058137067.jpg'),
(65, 'eszx3f4woamf-5g-5ea2f00293673193886543.jpg'),
(66, 'jpg-5ea2f23149f1c786400930.jpg'),
(67, 'jpg-5ea2f282defa3016994950.jpg'),
(68, 'liv-7257-5ea2f2881ab3f581874845.jpg'),
(69, 'img-20191227-010653-5ea2f2c800123079399281.jpg'),
(70, 'jpg-5ea2f3368088d672020493.jpg'),
(71, 'be6cd1f00da18a96d9900abf8cbd7c68-5ea2f349807e3721580737.jpg'),
(72, 'be6cd1f00da18a96d9900abf8cbd7c68-5ea2f35379534904652873.jpg'),
(73, 'evznztwwkaixz87-5ea2f3ba7ed67931769774.jpg'),
(74, 'evznztwwkaixz87-5ea2f3fd81bab002395259.jpg'),
(75, 'jpg-5ea2f406ad8ca001873971.jpg'),
(76, 'img-20191227-010653-5ea2f41e9cbeb083796085.jpg'),
(77, 'liv-7257-5ea2f4407daba327744524.jpg'),
(78, 'eszx3f4woamf-5g-5ea2f480b525e318579459.jpg'),
(79, 'img-20191227-010653-5ea2f4ac9b004792222653.jpg'),
(80, 'jpg-5ea2f53d78cd0889078311.jpg'),
(81, 'eszx3f4woamf-5g-5ea2f63873ea4284521795.jpg'),
(82, 'evznztwwkaixz87-5ea2fd5556255387774664.jpg'),
(83, 'img-20191227-010653-5ea2fd73c6d31677484000.jpg'),
(84, 'picsart-03-10-10-03.39-5ea2fdea345e2191597896.jpg'),
(85, 'evznztwwkaixz87-5ea2fe050bae2938706486.jpg'),
(86, 'evznztwwkaixz87-5ea2fe09f1282324072772.jpg'),
(87, 'jpg-5ea2ffa33e89d151939005.jpg'),
(88, 'img-20191227-010653-5ea30025692d5200458063.jpg'),
(89, 'liv-7257-5ea3005abecfe315439675.jpg'),
(90, 'jpg-5ea3009765427572712385.jpg'),
(91, 'this.avatar2-5ea3066aed812376717580.data'),
(92, 'this.avatar2-5ea307aad43cd570354182.data'),
(93, 'nom-5ea307d395b16669745181.bom'),
(94, 'ts-5ea308c723f9c516091952.s'),
(95, 'ts-5ea308cde2ced394848003.s'),
(96, 'custom-5ea309620c086851453721.image'),
(97, 'custom-5ea309fd943a0615840811.image'),
(98, 'custom-5ea30a101aa03285389460.image'),
(99, 'custom-5ea30a16ba780688701014.image'),
(100, 'custom-5ea30a31f1ef0382048870.image'),
(101, 'custom-5ea30a4905821875553921.image'),
(102, 'custom-5ea30c8965a7c994622751.image'),
(103, 'custom-5ea30e8a1f9ce830934965.image'),
(104, 'custom-5ea30e8e3d724160174212.image'),
(105, 'custom-5ea30ead10553866046978.image'),
(106, 'custom-5ea30ec4d4058418271160.image'),
(107, 'custom-5ea30eec44412548535334.image'),
(108, 'custom-5ea30f25a25c8623883299.image'),
(109, 'custom-5ea30f5072825527698255.image'),
(110, 'custom-5ea312a47f850103267896.image'),
(111, 'custom-5ea312b2147dd015093805.image'),
(112, 'custom-5ea43dd77be04872696895.image'),
(113, 'custom-5ea440d5a917d472807988.image'),
(114, 'custom-5ea44854e57b6836963876.image'),
(115, 'custom-5ea4485d86ea1522877531.image'),
(116, 'custom-5ea4485e42e96565473610.image'),
(117, 'custom-5ea4485f02e39444101230.image'),
(118, 'custom-5ea448bfcab7a674021220.image'),
(119, 'custom-5ea44d42a72f5095405706.image'),
(120, 'custom-5ea44d5cbcb67357277096.image'),
(121, 'custom-5ea44fca32c04807478512.image'),
(122, 'custom-5ea4504fc1b55824146740.image'),
(123, 'custom-5ea450a93e7b8006201791.image'),
(124, 'custom-5ea45138c3d93304280518.image'),
(125, 'custom-5ea45167da16b641004172.image'),
(126, 'custom-5ea451a0a07b9716424815.image'),
(127, 'custom-5ea451f044755652053580.image'),
(128, 'custom-5ea4526ebc9c9571018060.image'),
(129, 'custom-5ea4527eb25a1719724406.image'),
(130, 'custom-5ea45299a8cda427228378.image'),
(131, 'custom-5ea453c798a7f775760977.image'),
(132, 'custom-5ea454a968a1d384031789.image'),
(133, 'custom-5ea45521d449a914648458.image'),
(134, 'custom-5ea455cfb32b9490824788.image'),
(135, 'custom-5ea45640b9877637843558.image'),
(136, 'custom-5ea45a09065d5279931853.image'),
(137, 'custom-5ea45a9026227437932479.image'),
(138, 'custom-5ea45ad55a15b837041504.image'),
(139, 'custom-5ea45b1537c15391361698.image'),
(140, 'custom-5ea45b2379f8e636318389.image'),
(141, 'custom-5ea45b412a97f536926998.image'),
(142, 'custom-5ea45b8c4f5cd497025011.image'),
(143, 'custom-5ea45bdcceb51091897680.image'),
(144, 'custom-5ea45c5d6a115272560040.image'),
(145, 'custom-5ea59b347dbeb834551937.image'),
(146, 'custom-5ea6c025bf7b2682986911.image'),
(147, 'custom-5ea6c1df9eb6e741922886.image'),
(148, 'custom-5ea6d885c5e23209747562.image'),
(149, 'custom-5ea6de208e2e1477587423.image'),
(150, 'custom-5ea6e0c313674520059834.image'),
(151, 'custom-5ea6eb77c284f637768182.image'),
(152, 'custom-5ea6ef98a6804763179451.image'),
(153, 'custom-5ea7eb50e1d4f419760031.image'),
(154, 'custom-5ea7eb8ea5ef4545744095.image'),
(155, 'custom-5ea9b0cbbbac3874637081.image'),
(156, 'custom-5eaac1d80356b036545473.image'),
(157, 'custom-5eaac2180455e621933833.image'),
(158, 'custom-5eaac35c20272800102183.image'),
(159, 'custom-5eaac37257393714726291.image'),
(160, 'custom-5eaac5a47efa4383524628.image'),
(161, 'custom-5eaaec60712fc778273034.image'),
(162, 'custom-5eaaed0a39ac1708031481.image'),
(163, 'custom-5eaaed1048881336099191.image'),
(164, 'custom-5eaaed3e0e057256782855.image'),
(165, 'custom-5eaaed4321078361324651.image'),
(166, 'custom-5eaaed60b399d484185541.image'),
(167, 'custom-5eaaed6adf80e838328416.image'),
(168, 'custom-5eaaed6d57f3f912262487.image'),
(169, 'custom-5eaaee250a79a686606051.image'),
(170, 'custom-5eaaee2a34d01043435838.image'),
(171, 'custom-5eaaeecc523a1298740788.image'),
(172, 'custom-5eaaeed1c04c3713705522.image'),
(173, 'custom-5eaaef0686293044892825.image'),
(174, 'custom-5eaaef2325874502751077.image'),
(175, 'custom-5eaaef3536dc3300155236.image'),
(176, 'custom-5eaaef4e842f2294906912.image'),
(177, 'custom-5eaaef7e515a4390410573.image'),
(178, 'custom-5eaaefcfc94b9979095746.image'),
(179, 'custom-5eaaefe6dc5cd503580393.image'),
(180, 'custom-5eac274308007105327111.image'),
(181, 'custom-5eac2a4717aae571585746.image'),
(182, 'custom-5eac2a81ce8cc171972567.image'),
(183, 'custom-5eac2ac819e3a898845361.image'),
(184, 'custom-5ead864b95c21879872890.image'),
(185, 'custom-5ead89d32d267160790592.image'),
(186, 'custom-5eada1ca7db36098142864.image'),
(187, 'custom-5eada21402189513493017.image'),
(188, 'custom-5eb90f4fd04b2765375827.image'),
(189, 'custom-5eb910997ed17467162803.image'),
(190, 'custom-5eb910ae5f9a0893761154.image'),
(191, 'custom-5eb910e48553e571826382.image'),
(192, 'custom-5eb911822e657442611349.image'),
(193, 'custom-5eb911e089305770308146.image'),
(194, 'custom-5eb91ffe2fa09894909123.image'),
(195, 'custom-5ec26fd43c70d059493982.image');

-- --------------------------------------------------------

--
-- Structure de la table `menu`
--

DROP TABLE IF EXISTS `menu`;
CREATE TABLE IF NOT EXISTS `menu` (
  `id` int(11) NOT NULL AUTO_INCREMENT,
  `libelle` varchar(255) COLLATE utf8mb4_unicode_ci NOT NULL,
  `prix` double NOT NULL,
  `restaurant_id` int(11) NOT NULL,
  `created` datetime NOT NULL,
  PRIMARY KEY (`id`),
  KEY `IDX_7D053A93B1E7706E` (`restaurant_id`)
) ENGINE=InnoDB AUTO_INCREMENT=25 DEFAULT CHARSET=utf8mb4 COLLATE=utf8mb4_unicode_ci;

--
-- Déchargement des données de la table `menu`
--

INSERT INTO `menu` (`id`, `libelle`, `prix`, `restaurant_id`, `created`) VALUES
(1, 'punished one', 15, 1, '0000-00-00 00:00:00'),
(9, 'zaee', 12, 1, '2020-05-01 13:33:37'),
(10, 'Double one', 13, 1, '2020-05-01 13:36:13'),
(20, 'jhb', 15, 1, '2020-05-02 16:10:45'),
(24, 'Double McChicken Max Poder', 12, 35, '2020-05-11 08:51:08');

-- --------------------------------------------------------

--
-- Structure de la table `menu_details`
--

DROP TABLE IF EXISTS `menu_details`;
CREATE TABLE IF NOT EXISTS `menu_details` (
  `id` int(11) NOT NULL AUTO_INCREMENT,
  `menu_id` int(11) NOT NULL,
  `plat_id` int(11) NOT NULL,
  `created` datetime NOT NULL,
  PRIMARY KEY (`id`),
  KEY `IDX_FAFD1634CCD7E912` (`menu_id`),
  KEY `IDX_FAFD1634D73DB560` (`plat_id`)
) ENGINE=InnoDB AUTO_INCREMENT=44 DEFAULT CHARSET=utf8mb4 COLLATE=utf8mb4_unicode_ci;

--
-- Déchargement des données de la table `menu_details`
--

INSERT INTO `menu_details` (`id`, `menu_id`, `plat_id`, `created`) VALUES
(2, 1, 1, '2020-05-01 00:00:00'),
(11, 9, 18, '2020-05-01 13:33:39'),
(12, 9, 32, '2020-05-01 13:33:40'),
(13, 10, 18, '2020-05-01 13:36:14'),
(14, 10, 18, '2020-05-01 13:36:16'),
(31, 1, 1, '2020-05-02 10:00:00'),
(34, 20, 53, '2020-05-02 16:10:48'),
(35, 20, 8, '2020-05-02 16:10:49'),
(42, 24, 55, '2020-05-11 08:51:10'),
(43, 24, 55, '2020-05-11 08:51:11');

-- --------------------------------------------------------

--
-- Structure de la table `plats`
--

DROP TABLE IF EXISTS `plats`;
CREATE TABLE IF NOT EXISTS `plats` (
  `id` int(11) NOT NULL AUTO_INCREMENT,
  `libelle` varchar(255) COLLATE utf8mb4_unicode_ci NOT NULL,
  `prix` double NOT NULL,
  `restaurant_id` int(11) NOT NULL,
  `plat_type_id` int(11) DEFAULT NULL,
  `created` datetime NOT NULL,
  `image_id` int(11) DEFAULT NULL,
  `description` longtext COLLATE utf8mb4_unicode_ci DEFAULT NULL,
  PRIMARY KEY (`id`),
  KEY `IDX_854A620AB1E7706E` (`restaurant_id`),
  KEY `IDX_854A620A421D0C74` (`plat_type_id`),
  KEY `IDX_854A620A3DA5256D` (`image_id`)
) ENGINE=InnoDB AUTO_INCREMENT=58 DEFAULT CHARSET=utf8mb4 COLLATE=utf8mb4_unicode_ci;

--
-- Déchargement des données de la table `plats`
--

INSERT INTO `plats` (`id`, `libelle`, `prix`, `restaurant_id`, `plat_type_id`, `created`, `image_id`, `description`) VALUES
(1, 'Pates', 20, 1, 1, '0000-00-00 00:00:00', 189, NULL),
(3, 'PUT', 10, 1, 1, '0000-00-00 00:00:00', NULL, 'bruh'),
(4, 'created', 10, 1, 1, '0000-00-00 00:00:00', NULL, NULL),
(6, 'created', 10, 1, 1, '2020-03-22 18:15:36', NULL, NULL),
(7, 'libelled', 25, 1, 1, '2020-03-25 18:54:00', 191, 'pouet pouet'),
(8, 'libelds', 12, 1, 1, '2020-03-25 19:01:58', 152, 'POGCHAMP'),
(9, 'tst', 5, 4, 1, '2020-04-16 00:00:00', NULL, NULL),
(18, 'Tiramisu', 20, 1, 2, '2020-04-28 08:38:13', 154, 'Poo'),
(32, 'reg', 123, 1, 1, '2020-04-28 11:21:34', 183, NULL),
(46, 'That is poggers ', 75, 2, 1, '2020-05-02 15:41:56', NULL, 'jk'),
(53, '00031032', 15, 1, 2, '2020-05-02 16:31:07', 187, NULL),
(54, 'Pain au chocolat ', 5, 2, 4, '2020-05-11 08:48:14', 192, 'Pain au chocolat tradition italienne bon peu chère affordable bon pour la santé bio'),
(55, 'McChicken', 7.5, 35, 1, '2020-05-11 08:49:56', 193, 'LE McChicken'),
(56, 'zz', 4, 1, 3, '2020-05-18 11:21:47', 195, 'z'),
(57, 'eazzea', 32, 4, 3, '2020-05-21 13:23:24', NULL, 'azde');

-- --------------------------------------------------------

--
-- Structure de la table `plats_types`
--

DROP TABLE IF EXISTS `plats_types`;
CREATE TABLE IF NOT EXISTS `plats_types` (
  `id` int(11) NOT NULL AUTO_INCREMENT,
  `libelle` varchar(255) COLLATE utf8mb4_unicode_ci NOT NULL,
  PRIMARY KEY (`id`)
) ENGINE=InnoDB AUTO_INCREMENT=5 DEFAULT CHARSET=utf8mb4 COLLATE=utf8mb4_unicode_ci;

--
-- Déchargement des données de la table `plats_types`
--

INSERT INTO `plats_types` (`id`, `libelle`) VALUES
(1, 'Plat'),
(2, 'Dessert'),
(3, 'Boisson'),
(4, 'Entrée');

-- --------------------------------------------------------

--
-- Structure de la table `plats_user`
--

DROP TABLE IF EXISTS `plats_user`;
CREATE TABLE IF NOT EXISTS `plats_user` (
  `plats_id` int(11) NOT NULL,
  `user_id` int(11) NOT NULL,
  PRIMARY KEY (`plats_id`,`user_id`),
  KEY `IDX_30D0E563AA14E1C8` (`plats_id`),
  KEY `IDX_30D0E563A76ED395` (`user_id`)
) ENGINE=InnoDB DEFAULT CHARSET=utf8mb4 COLLATE=utf8mb4_unicode_ci;

--
-- Déchargement des données de la table `plats_user`
--

INSERT INTO `plats_user` (`plats_id`, `user_id`) VALUES
(1, 1),
(7, 73),
(55, 73);

-- --------------------------------------------------------

--
-- Structure de la table `restaurants`
--

DROP TABLE IF EXISTS `restaurants`;
CREATE TABLE IF NOT EXISTS `restaurants` (
  `id` int(11) NOT NULL AUTO_INCREMENT,
  `libelle` varchar(255) COLLATE utf8mb4_unicode_ci NOT NULL,
  `adresse` longtext COLLATE utf8mb4_unicode_ci NOT NULL,
  `longitude` double DEFAULT NULL,
  `latitude` double DEFAULT NULL,
  `type_id` int(11) DEFAULT NULL,
  `created` datetime NOT NULL,
  `description` longtext COLLATE utf8mb4_unicode_ci DEFAULT NULL,
  `user_id` int(11) DEFAULT NULL,
  `image_id` int(11) DEFAULT NULL,
  PRIMARY KEY (`id`),
  UNIQUE KEY `UNIQ_AD837724A76ED395` (`user_id`),
  KEY `IDX_AD837724C54C8C93` (`type_id`),
  KEY `IDX_AD8377243DA5256D` (`image_id`)
) ENGINE=InnoDB AUTO_INCREMENT=57 DEFAULT CHARSET=utf8mb4 COLLATE=utf8mb4_unicode_ci;

--
-- Déchargement des données de la table `restaurants`
--

INSERT INTO `restaurants` (`id`, `libelle`, `adresse`, `longitude`, `latitude`, `type_id`, `created`, `description`, `user_id`, `image_id`) VALUES
(1, 'Italien po', '33 rue BOZOS', 5, 32, 1, '0000-00-00 00:00:00', 'petit restaurant de q', 28, 175),
(2, 'Italien bo', '443 rue GROS', 10.6435, 434, 1, '0000-00-00 00:00:00', 'on est nul ', NULL, 185),
(4, 'Italien  à', '443 rue GROS', 10.6435, 435, 1, '2020-03-22 18:13:04', NULL, NULL, NULL),
(6, 'Italien bof', '443 rue GROS', 10.6435, 435, 1, '2020-03-24 20:44:54', NULL, NULL, NULL),
(7, 'Italien bof', '443 rue GRO4', 10.6435, 435, 1, '2020-03-24 20:45:02', NULL, NULL, NULL),
(26, 'dqsd', 'qsd', 0, 1, 1, '2020-03-25 09:13:44', NULL, NULL, NULL),
(29, 'azd', 'zadzad', 0, 0, 1, '2020-03-25 09:14:33', NULL, NULL, NULL),
(31, 'kjgkjllùk,', 'hcvnv', 0, 0, 1, '2020-03-25 13:00:40', NULL, NULL, NULL),
(32, 'mm', 'mpnion', 54, 8, 1, '2020-03-25 17:40:01', NULL, NULL, NULL),
(33, 'ezf', 'ezfze', 1, 25, 2, '2020-03-25 17:55:22', NULL, NULL, NULL),
(35, 'McDo', '56 rue Lucioles', 74, 85, 2, '2020-03-26 16:39:25', NULL, NULL, NULL),
(36, 'M', 'M', NULL, NULL, 2, '2020-04-14 12:04:03', 'MMMM', 60, NULL),
(37, 'eeee', 'eeeefds', NULL, NULL, 2, '2020-04-18 17:32:49', 'zefds', 67, NULL),
(38, 'zazazaza', 'zaazzaza', NULL, NULL, 1, '2020-04-18 17:37:08', 'az', 69, NULL),
(40, 'uiliul', 'poù', NULL, NULL, 2, '2020-04-18 17:39:34', '', 71, NULL),
(41, 'cxvcx', 'xvcvx', NULL, NULL, 2, '2020-04-18 17:43:09', '', 72, NULL),
(49, '', '', NULL, NULL, 1, '2020-04-30 10:08:16', NULL, NULL, NULL),
(50, 'ghtf', 'ygv', NULL, NULL, 2, '2020-04-30 10:09:18', NULL, NULL, NULL),
(51, 'le fan', '56 rue des bois', NULL, NULL, 2, '2020-04-30 10:14:54', 'Poggers', 82, NULL),
(52, 'ezrezr', 'zer', NULL, NULL, 2, '2020-04-30 10:16:12', 'rze', 83, NULL),
(53, 'azezeaeza', 'ezaezaaezeaze', NULL, NULL, 2, '2020-04-30 13:18:45', 'zae', 86, NULL),
(54, 'lmjk', 'jkm', NULL, NULL, 1, '2020-04-30 13:20:22', 'jkm', 87, NULL),
(55, 'lkmklm', 'lmklm', NULL, NULL, 2, '2020-04-30 13:28:51', '', 89, NULL),
(56, 'ddd', 'dd', NULL, NULL, 2, '2020-04-30 13:32:20', 'ddd', 90, NULL);

-- --------------------------------------------------------

--
-- Structure de la table `restaurant_types`
--

DROP TABLE IF EXISTS `restaurant_types`;
CREATE TABLE IF NOT EXISTS `restaurant_types` (
  `id` int(11) NOT NULL AUTO_INCREMENT,
  `type` varchar(255) COLLATE utf8mb4_unicode_ci NOT NULL,
  PRIMARY KEY (`id`)
) ENGINE=InnoDB AUTO_INCREMENT=3 DEFAULT CHARSET=utf8mb4 COLLATE=utf8mb4_unicode_ci;

--
-- Déchargement des données de la table `restaurant_types`
--

INSERT INTO `restaurant_types` (`id`, `type`) VALUES
(1, 'Italien'),
(2, 'Fast-Food');

-- --------------------------------------------------------

--
-- Structure de la table `user`
--

DROP TABLE IF EXISTS `user`;
CREATE TABLE IF NOT EXISTS `user` (
  `id` int(11) NOT NULL AUTO_INCREMENT,
  `email` varchar(180) COLLATE utf8mb4_unicode_ci NOT NULL,
  `roles` longtext CHARACTER SET utf8mb4 COLLATE utf8mb4_bin NOT NULL CHECK (json_valid(`roles`)),
  `password` varchar(255) COLLATE utf8mb4_unicode_ci NOT NULL,
  `last_connection` datetime DEFAULT NULL,
  `name` varchar(255) COLLATE utf8mb4_unicode_ci NOT NULL,
  `surname` varchar(255) COLLATE utf8mb4_unicode_ci NOT NULL,
  `image_id` int(11) DEFAULT NULL,
  `adress` longtext COLLATE utf8mb4_unicode_ci DEFAULT NULL,
  `balance` double DEFAULT NULL,
  PRIMARY KEY (`id`),
  UNIQUE KEY `UNIQ_8D93D649E7927C74` (`email`),
  KEY `IDX_8D93D6493DA5256D` (`image_id`)
) ENGINE=InnoDB AUTO_INCREMENT=93 DEFAULT CHARSET=utf8mb4 COLLATE=utf8mb4_unicode_ci;

--
-- Déchargement des données de la table `user`
--

INSERT INTO `user` (`id`, `email`, `roles`, `password`, `last_connection`, `name`, `surname`, `image_id`, `adress`, `balance`) VALUES
(1, 'user@user.user', '[\"ROLE_USER\"]', '$argon2id$v=19$m=65536,t=4,p=1$Q3kyWGxrYUdlT2lYcEg4Vg$g2zqJhfOwP2hyd7r4FkM75i8xWM41V8WovbXtZelbew', '2020-04-19 16:20:20', 'jomeq', 'eed', 184, '22 rue du cock', 131),
(2, 'toto@toto.toto', '[\"ROLE_USER\"]', 'motdepasses', NULL, 'joe', 're', NULL, NULL, 21),
(7, 'toto@toto3.toto', '[\"ROLE_ADMIN\"]', '$argon2id$v=19$m=65536,t=4,p=1$aFc4WDVnVjg4aDF3SXQ1OQ$FgClLMd96MFILXM9PNQaC0xB0nQN2Ha3D3eMSBYyjPc', '2020-05-01 16:56:05', 'MAx', 're', NULL, NULL, 0),
(11, 'toto@toto4.toto', '[\"ROLE_ADMIN\"]', '$argon2id$v=19$m=65536,t=4,p=1$WGF0RFlacUNkNW8wWG00VA$xQb0VrJ5FL1V8Qn/iiQzozOBBv0EtIZ/oFkqOyE0HP4', NULL, 'MAx', 're', NULL, NULL, 24),
(12, 'toto@toto5.toto', '[\"ROLE_ADMIN\"]', '$argon2id$v=19$m=65536,t=4,p=1$QWlKU2lXR2JqWGVIOE5aZQ$MetaFVKPMTppAAoazv8eabmvUGxIB3fYC+SbQM6u358', NULL, 'MAx', 're', NULL, NULL, 0),
(13, 'toto@toti5.toto', '[\"ROLE_ADMIN\"]', '$argon2id$v=19$m=65536,t=4,p=1$QkJuYmV4OFNzYUM1Y29aRA$+sGZqcJnhfVmpMv84H7ebmkycVzpMGB34rGtUr9xolI', NULL, 'MAx', 're', NULL, NULL, 0),
(15, 'toto@tota5.toto', '[\"ROLE_ADMIN\"]', '$argon2id$v=19$m=65536,t=4,p=1$S2E1QTkwWno2eVdEZXFRNg$MIDSNhA9P0poRitnXobDjL4fkYoLate6kFogBhb5+tg', NULL, 'MAx', 're', NULL, NULL, 0),
(17, 'toto@tot5.toto', '[\"ROLE_ADMIN\"]', '$argon2id$v=19$m=65536,t=4,p=1$OEZqSEZCajZBcHlYdmFvcg$6T4wiHvqkHU/a63rgptUTzXg5uT3hk2K6nt8Ei1APZM', NULL, 'MAx', 're', 194, NULL, 0),
(18, 'zad@dz.zd', '[null]', '$argon2id$v=19$m=65536,t=4,p=1$aXo4UkVwTzNOVjdIS0pOdQ$oC8lIKM7nw2v7q/eKSfbvU6yo2zyPbAnMFbqWCwc250', NULL, 'zad', 'zda', NULL, NULL, 0),
(19, 'm@m.m', '[null]', '$argon2id$v=19$m=65536,t=4,p=1$Z3d4akZwbDhEN3ZJWnZUeQ$J0eiRwlmE0La6YQHnMahVSoibcXqkDXqgwrmMzqrjZI', NULL, 'sq', 'sq', NULL, NULL, 0),
(28, 'resto@resto.resto', '[\"ROLE_RESTAURATEUR\"]', '$argon2id$v=19$m=65536,t=4,p=1$cXQuUkNOQnNlM3k2Vi95VQ$sRgC39sqQPYB0ggD7WRmyqTGW5ANhTz4s1oSRYIMRQA', '2020-05-23 17:47:15', 'MAD', 'Max', 176, '23 rue du coq', 176),
(29, 'azd@zad.dza', '[\"ROLE_RESTAURATEUR\"]', '$argon2id$v=19$m=65536,t=4,p=1$SHBoR05XaFE3V1pwTWhmaA$BsuhFvwpygxNA3GjYUap7gcmnGktAUWi8q+JEhoAp74', NULL, 'azd', 'daz', NULL, NULL, 0),
(30, 'grerggre@rgreggr.rgeerg', '[\"ROLE_RESTAURATEUR\"]', '$argon2id$v=19$m=65536,t=4,p=1$c0lKSHoxZmJOMS9RUDl6WQ$UnD2eNpH5o4eejx9e78jHdVoUJ58jV1+Dfo553Tm+oE', NULL, 'rgfreg', 'rgegre', NULL, NULL, 0),
(32, 'ezf@ds.fds', '[\"ROLE_RESTAURATEUR\"]', '$argon2id$v=19$m=65536,t=4,p=1$bE9zRS5HMGtpTTJ1ZzloRg$5UStrd3VT58NcHBfCi691X6Kq16G2jhWaZf0WR6JEIQ', '2020-04-11 17:08:03', 'rfbg', 'reg', NULL, NULL, 0),
(33, 'zaddazd@zadazd.zada', '[\"ROLE_RESTAURATEUR\"]', '$argon2id$v=19$m=65536,t=4,p=1$SHBBdExzYjdFV1ZGVEE1bQ$m7A0XKluCVNTlUesLEXJMQYhcX/du5w33vrAJlDwAkc', '2020-04-11 17:58:10', 'zadazd', 'zadazd', NULL, NULL, 0),
(34, 'pog@pog.pog', '[]', '$argon2id$v=19$m=65536,t=4,p=1$azlNYi4vVU5tQnNVQW16MQ$WAmjICtcOz2IgoiA6rXjUTNAJWAY7wh0KN2u7cD0Bcs', NULL, 'pog', 'PAUL', NULL, NULL, 0),
(36, 'mathieu@mathis.mathis', '[\"ROLE_CLIENT\"]', '$argon2id$v=19$m=65536,t=4,p=1$Vy5iS2VOdUdKR0t1ZVdFUg$XTGPUKgdSgQ2iGswHPfmF3XKFCCo6kGYRppDcx22xKA', '2020-04-14 10:14:41', 'MARIECL', 'MATHIS', NULL, NULL, 0),
(37, 'PPDAQDa@zaDALs.QS', '[\"ROLE_CLIENT\"]', '$argon2id$v=19$m=65536,t=4,p=1$aEVmajdwNUpCYmJ5M2psRg$UY0gS5VF3bE0ZfsU5poVNMwEPEJVsBYdc8mpjlYScP4', '2020-04-14 10:15:10', 'MAX', 'PERRRERA', NULL, NULL, 0),
(38, 'saez@sdq.aze', '[\"ROLE_RESTAURATEUR\"]', '$argon2id$v=19$m=65536,t=4,p=1$OUZkeXhqb1FTNWFPMUN3QQ$uCynIFZ3uSXgenYCnc2NE430sZwQ1X7e7Ok6oRPVXSw', '2020-04-14 10:22:01', 'eazea', 'zaaezea', NULL, NULL, 0),
(39, 'zfe@zefE.Zef', '[\"ROLE_RESTAURATEUR\"]', '$argon2id$v=19$m=65536,t=4,p=1$ak53NklvU0RyLnBXN0ZwYg$Z4hg4tur60D9j8hFdJCpcaHNeHoSkODkFp0EFh5E4Vw', '2020-04-14 11:41:10', 'ezf', 'efz', NULL, NULL, 0),
(40, 'qsd@qsd.dsq', '[\"ROLE_RESTAURATEUR\"]', '$argon2id$v=19$m=65536,t=4,p=1$UXNENkNENFZwaXBmMXRsSg$fx+516ZFMsWj6THwll8a9jVqCpVkjyy58bm/PEcx9Eo', '2020-04-14 12:10:04', 'sqd', 'qsd', NULL, NULL, 0),
(41, 'resto@rzea.aze', '[\"ROLE_RESTAURATEUR\"]', '$argon2id$v=19$m=65536,t=4,p=1$cDM0UlZ1NjVOSUpwMmtlRw$cRr9umueO4zhSvdepqitmQ27tRLIsu28+eo4sYjB5jI', '2020-04-14 12:12:56', 'zad', 'zadssqd', NULL, NULL, 0),
(42, 'qsdDQS@sqd.SDQ', '[\"ROLE_RESTAURATEUR\"]', '$argon2id$v=19$m=65536,t=4,p=1$bTFMMkN2dGRhQ09oZ0V2UQ$A/ruLg9/HM12S3ZoBCf/sofo0jGN+mRN2VbXCqBmppc', '2020-04-14 12:13:14', 'Qdsdsq', 'SQddqqsd', NULL, NULL, 0),
(43, 'kjugki@ij.l', '[\"ROLE_USER\"]', '$argon2id$v=19$m=65536,t=4,p=1$amxUQ3F4Y2ZQYUtrYVdycA$kD+VpCc0SBNlWV761I/XnES3lrkTqcJ/IwP4ZrJjTBM', '2020-04-14 12:24:09', 'mm', '', NULL, NULL, 0),
(44, 'ezf@zaf.azf', '[\"ROLE_RESTAURATEUR\"]', '$argon2id$v=19$m=65536,t=4,p=1$ZFZXM0ZlWUd3VVFtUXlxMA$0D4Gc719dJuVKiL/UrwbFQdNb7rwVUzhZj60PPO7c6M', '2020-04-14 12:25:31', 'azdsqsqqs', 'zad', NULL, NULL, 0),
(45, 'sdfsdf@sdfsdF.sdfs', '[\"ROLE_USER\"]', '$argon2id$v=19$m=65536,t=4,p=1$UFMxNERaR0tVelZwY3hCaw$/hipael05Yz3cKNqEiKlzOhcAj0KibDS5QozCIyoCO8', '2020-04-14 12:59:57', 'dvsdv', 'esdvs', NULL, NULL, 0),
(46, 'qsdqsdq@qsdqsd.Qdsqsd', '[\"ROLE_USER\"]', '$argon2id$v=19$m=65536,t=4,p=1$cE4xMFRXbTBzOGgwOVB1Lw$GaayUoFZ4sjgzbU71TNpXYtW0fJHGUJ8CuyNjugi3BM', '2020-04-14 13:13:24', 'qsd', 'qsd', NULL, NULL, 0),
(47, 'ezrzezer@erzzer.ZR', '[\"ROLE_RESTAURATEUR\"]', '$argon2id$v=19$m=65536,t=4,p=1$cXd0NUVTanVSbno3Y1NLOQ$aMwp39KdKPvsqQ+2z2h0CAf/AA6Q1SDWak6UOywsg34', '2020-04-14 13:39:13', 'fdsqd', 'zerzr', NULL, NULL, 0),
(48, 'qqsdza@qsd.qsd', '[\"ROLE_RESTAURATEUR\"]', '$argon2id$v=19$m=65536,t=4,p=1$bWkvU0ZxSVhNbHp3d2dDNw$esi+bYw2ooN+j1hdd3eeyJKINDcVP5pB/RpfO+qwxaY', '2020-04-14 13:40:42', 'ezfdzs', 'fsqddqd', NULL, NULL, 0),
(49, 'ghjghj@ghkG.hgk', '[\"ROLE_RESTAURATEUR\"]', '$argon2id$v=19$m=65536,t=4,p=1$ZFFJdHE3bGlUQjhDcjk1Rw$wsR1L9iYotbNzOpDzltWpoUqUnKvH/5eOpwElWiHBv8', '2020-04-14 13:43:25', 'sdnkjhkhj', 'khjkuyk', NULL, NULL, 0),
(50, 'zadsq@rhtrH.gfh', '[\"ROLE_RESTAURATEUR\"]', '$argon2id$v=19$m=65536,t=4,p=1$N25CL050L0MxMWtBcVlqYg$aeXRwTD1BsKjQVwEm9gOAvSax+0fndJ2/xTm3YDn1ic', '2020-04-14 13:45:00', 'qsdaze', 'azdazqd', NULL, NULL, 0),
(51, 'qsf@fezaf.qsf', '[\"ROLE_RESTAURATEUR\"]', '$argon2id$v=19$m=65536,t=4,p=1$eFhTOEhCTWVoYlR0cjN5Qw$G9J6nLQkJmJ6wQvcmNDL44qM+DTqhBWEkB+5iDoypEQ', '2020-04-14 13:45:54', 'ezfds', 'fezfdsf', NULL, NULL, 0),
(52, 'kjkjkjkjkjkjk@jkjkjkj.jkjkjkj', '[\"ROLE_RESTAURATEUR\"]', '$argon2id$v=19$m=65536,t=4,p=1$ZlZmV2lIYTVXNTBEYWtLVg$IQFWj81NWp1eHFJUXZda4TPENpADsvXInCqfD7xK654', '2020-04-14 13:47:36', 'REST', 'RST', NULL, NULL, 0),
(53, 'zzzz@zzzZ.zzzz', '[\"ROLE_RESTAURATEUR\"]', '$argon2id$v=19$m=65536,t=4,p=1$WUkvSHh1MWtQTWVGWHRFdA$xn6W+3LHjVsAlLNTib/sU6LxPYgUe2h0OfrGazfKJNU', '2020-04-14 13:49:36', 'zzzzz', 'zzzzz', NULL, NULL, 0),
(54, 'nnnnnn@n.n', '[\"ROLE_RESTAURATEUR\"]', '$argon2id$v=19$m=65536,t=4,p=1$TUsuUlhwMlVCVlg1Y2wyUA$HipzY7yC4sXmWLR704c6gVej9t8pPaCOlOSNK1IdHNY', '2020-04-14 13:50:56', 'nnnnnnnnnnnn', 'nnnnnnnnnn', NULL, NULL, 0),
(55, 'fffffff@f.f', '[\"ROLE_RESTAURATEUR\"]', '$argon2id$v=19$m=65536,t=4,p=1$YW9jOFlLdkFCbFNDVTlVbg$R74BjqKWiPJk5ZkG34tYMQhbc8tv0y5GTX3nb7KKoo4', '2020-04-14 13:51:57', 'ffffffffff', 'fffffffff', NULL, NULL, 0),
(56, 'bbbb@bbb.b', '[\"ROLE_RESTAURATEUR\"]', '$argon2id$v=19$m=65536,t=4,p=1$LjRucmJoZzQwVTU5ZVcxQw$//SggGTTjoIcjszxYZojyS0U0pDWI+7vZi0Q2EwWamM', '2020-04-14 13:53:52', 'bbbbbbbbb', 'bbbbbbbbbb', NULL, NULL, 0),
(57, 'ccccccc@cccccc.c', '[\"ROLE_RESTAURATEUR\"]', '$argon2id$v=19$m=65536,t=4,p=1$WnVPYTh1VUllamlCVUUvWg$aV/gXB0EIC//F1KuJfPRPly+xsi04LGG7QoL8+iL70E', '2020-04-14 13:57:24', 'cccccc', 'ccccccc', NULL, NULL, 0),
(58, 'LLL@L.L', '[\"ROLE_RESTAURATEUR\"]', '$argon2id$v=19$m=65536,t=4,p=1$cy5zNkdxcHJuWGJSU0Rscg$g34LAdXjLU7QjGeAT4eph9XAxGIkqcDd0xOCM9iGgDI', '2020-04-14 14:00:06', 'L', 'LLL', NULL, NULL, 0),
(59, 'kkkkkk@kkK.KK', '[\"ROLE_RESTAURATEUR\"]', '$argon2id$v=19$m=65536,t=4,p=1$OWt1U0Z6YVBzeFNuMTROeA$Oxg7lJmKoLZRq84yESjXoHH+frZb5+ZMMcR8JldDKPM', '2020-04-14 14:02:35', 'KKKKk', 'kkkk', NULL, NULL, 0),
(60, 'MMMM@M.M', '[\"ROLE_RESTAURATEUR\"]', '$argon2id$v=19$m=65536,t=4,p=1$d0tWcXBQNlFzNWNEZFBsZQ$ITKa8vHjsOZV4pRZL31sj8X5UFq2q/P3Zt3sBc6y8zs', '2020-04-14 14:04:01', 'MMm', 'MMMM', NULL, NULL, 0),
(62, 'pog@pog.poLg', '[]', '$argon2id$v=19$m=65536,t=4,p=1$ZkdZbmRiaE1WVWVNTC5hMA$XN+AhYiZiSp+Rzh6S+L1VBiZDaF1K2cqMzPHfssEsWs', NULL, 'pog', 'PAUL', NULL, NULL, 0),
(65, 'admin@admin.admin', '[\"ROLE_ADMIN\"]', '$argon2id$v=19$m=65536,t=4,p=1$ci9RZDMycVF3bFA5YkhScw$ut4j0ozSioyZvEXuDI4s8noyugtn+bfQ4j6mUYu8v1M', '2020-05-27 13:22:38', 'pog', 'PAUL', 177, '22 iuiui', 230),
(66, 'resot2@res.ds', '[\"ROLE_RESTAURATEUR\"]', '$argon2id$v=19$m=65536,t=4,p=1$UHRDWGZZVGpEcDd1WXB2dQ$T55wSEN4whWLIabtvcEvhoUjtH5csdEPxqbpcilkJFg', '2020-04-18 19:30:57', 'to', 'to', NULL, NULL, 0),
(67, 'ezfzeffz@zefEZ.foze', '[\"ROLE_RESTAURATEUR\"]', '$argon2id$v=19$m=65536,t=4,p=1$dEpCNG5LWUxMY0hMdEg5Zw$ivBojFLLEsHV3BW2rPBlh2EbYw7l/QihniXrsmsjeH8', '2020-04-18 19:32:48', '\'\"gre', 'rzerdf', NULL, NULL, 0),
(68, 'fezezffze@dzf.zef', '[\"ROLE_RESTAURATEUR\"]', '$argon2id$v=19$m=65536,t=4,p=1$M3MyOUxxRXB1ZjdRc1g0Uw$xfqClJjWC0NWsqAlRa3welQElXvTa1VdcqE+omwhs+g', '2020-04-18 19:35:01', 'efzfegzefz', 'efzezffez', NULL, NULL, 0),
(69, 'azdazdsqdzqd@azdazDSQ.azdsqd', '[\"ROLE_RESTAURATEUR\"]', '$argon2id$v=19$m=65536,t=4,p=1$MEpPS1B2RkkxTE5FemRLVQ$fbOyW9XgOzt66rmA8tU441baWmg7bmO1vIvSl9dZ/5o', '2020-04-18 19:37:06', 'azddz', 'zadazd', NULL, NULL, 0),
(71, 'mlkmoi@oimlk.lui', '[\"ROLE_RESTAURATEUR\"]', '$argon2id$v=19$m=65536,t=4,p=1$VE9WVy5ZMU9PbWZJZmdjag$0eDk8+URfUWALi5W7aXL+mbY8NIaNUSVPqMpNi+iTlI', '2020-04-18 19:39:32', 'iom', 'miom', NULL, NULL, 0),
(72, 'xcv@xcvvx.cxv', '[\"ROLE_RESTAURATEUR\"]', '$argon2id$v=19$m=65536,t=4,p=1$a3NOcEdZTGM2Rk5JLnJ2bQ$L1IBm0M9k4Vpq7j+nXkYrztbw83/PRBgyxelq7omoik', '2020-04-18 19:43:08', 'xcv', 'vcxvxc', NULL, NULL, 0),
(73, 'client@client.client', '[\"ROLE_USER\"]', '$argon2id$v=19$m=65536,t=4,p=1$R2g2MjViZzRwNHY2ejdvdQ$vxL2n2XpT1xIN43QrhmVW0QRKs0QkVYNF8hxRWnwuDw', '2020-05-27 13:10:11', 'Le Clien', 'e', 188, '22 rue basilic', 5),
(74, 'tom@nook.animal', '[\"ROLE_USER\"]', '$argon2id$v=19$m=65536,t=4,p=1$SEJ6Z2pYazFXQ3VmVWZqNA$u592eYxGtYB5VqN8K7yaItC5Sp/q6sHTYBkRbvg38aY', '2020-04-24 15:15:39', 'TResor', 'Nook', 58, '23 rue des bid', 519),
(76, 'dzdz@dzdz.dz', '[\"ROLE_USER\"]', '$argon2id$v=19$m=65536,t=4,p=1$c2ZUbi5EVWt1UVU1dUhxTA$I9Yhk48ajevTD4TB0Ewa+FGtGPwpiNLip9+xTVVFD7k', '2020-04-24 15:39:27', 'dzdz', 'zddzdz', NULL, NULL, 297),
(77, 'vb@vb.VB', '[\"ROLE_USER\"]', '$argon2id$v=19$m=65536,t=4,p=1$dXdmdTFzWmhUODY5L3hYUA$4bUsF8unYeTOZTaC7wAuO+fi24YkcTQwnlzmaqIE60U', '2020-04-24 15:42:21', 'v', 'vb', NULL, NULL, 1),
(78, 'ze@zee.ez', '[\"ROLE_USER\"]', '$argon2id$v=19$m=65536,t=4,p=1$T3ZvZlNlamxJbzhCbjU2Mw$5qLwv5Tf7bJ0cT5qkfAerM1u9zFIpSSmYHtN0ewtMY8', '2020-04-24 15:45:05', 'e', 'ez', 59, NULL, 1),
(79, 'user2@user2.user2', '[\"ROLE_USER\"]', '$argon2id$v=19$m=65536,t=4,p=1$QVppTktxVVZidEZZWFUvZA$jfYFoAWjFBXPQOhsSm0GmOb4HI5U9u5a+Pt28aVYMWY', '2020-04-24 15:51:27', 'UW', 'U', 64, 'm', 213),
(80, 'a@a.a', '[\"ROLE_USER\"]', '$argon2id$v=19$m=65536,t=4,p=1$M2FyeEczOHl3MGU0cERQSw$wbSmR21RDpc6B746+ESRpRRXDe9exi/W53qYSmc9Ge0', '2020-04-24 15:54:39', 'a', 'a', 70, '22 rue du co', 586),
(82, 'RN@FN.LN', '[\"ROLE_RESTAURATEUR\"]', '$argon2id$v=19$m=65536,t=4,p=1$SDczRHBqT2FhSTlOMUhlUw$tLRbGEsAxrSuc7rzbSoWo2HEMzZH0vU+HfcI8eceMto', '2020-04-30 12:14:53', 'MAXRN', 'RN', NULL, NULL, NULL),
(83, 'sdqqds@DSQSQD.dqs', '[\"ROLE_RESTAURATEUR\"]', '$argon2id$v=19$m=65536,t=4,p=1$Y2l3RDZTNEliUnRvRmZ0Sw$GdG75aMF5eOINBBNhfqg+Q/sqELpyk0JRxyyEYt4bWI', '2020-04-30 12:16:10', 'MDO', 'qsd', NULL, NULL, NULL),
(84, 'qsdqsdqsd@qds.zqdzqdsq', '[\"ROLE_RESTAURATEUR\"]', '$argon2id$v=19$m=65536,t=4,p=1$VXkvOU84OER1U080RFNiaQ$QbYPNfBYtGLFx0dIB6SCp17dQeN2PH9pGP2pyBJ0wpE', NULL, 'qsdq', 'dqsdqsd', NULL, 'qsd', 0),
(85, 'ergreg@ezg.ezg', '[\"ROLE_RESTAURATEUR\"]', '$argon2id$v=19$m=65536,t=4,p=1$MXlDV25JOTN4MUZYYjJFNw$xUDiyUezRmEbeuvgQ5NO2uJUt2mRShrkvyRJpszXznM', NULL, 'rgeed', 'greg', NULL, 'ergergfds', 0),
(86, 'azeazeaz@azea.aze', '[\"ROLE_RESTAURATEUR\"]', '$argon2id$v=19$m=65536,t=4,p=1$OGR4U3V2d25hNzI4ZHIzbQ$Mz75cA0JImTDayFbbBg0TMShwraDdPaK210bMVANRWQ', '2020-04-30 15:18:43', 'azea', 'azeaze', NULL, NULL, NULL),
(87, 'dzadzadza@sqf.qfs', '[\"ROLE_RESTAURATEUR\"]', '$argon2id$v=19$m=65536,t=4,p=1$NExqRW5iUTV5YUNSZDgxMw$pFnFj7/BBjItc7qEiaLRwDbDC5U77lB6h72bXpc1LZA', '2020-04-30 15:20:20', 'zazdazdadza', 'zaddzadzazda', NULL, NULL, NULL),
(88, 'dfhdfh@dfh.dhfd', '[\"ROLE_USER\"]', '$argon2id$v=19$m=65536,t=4,p=1$Z3o3U3FWcXg2Z2VZbHJIYw$Ryez9gXA2phawmWrFtSZKURnmT5E2Glwz0O94nvyY78', '2020-04-30 15:28:19', 'gfdfhd', 'hdfh', NULL, NULL, NULL),
(89, 'zerzerzer@zrzer.ZEr', '[\"ROLE_RESTAURATEUR\"]', '$argon2id$v=19$m=65536,t=4,p=1$cVJBLnZOS1ZXYjc2NXppcQ$ljVcozpH0vjTiUSjHyoV2hOOeBp+t7a6n8nUFuGMu/8', '2020-04-30 15:28:49', 'zerezzerrze', 'rzerzezer', NULL, NULL, NULL),
(90, 't@t.T', '[\"ROLE_RESTAURATEUR\"]', '$argon2id$v=19$m=65536,t=4,p=1$OVdkcmllZXJpd1BzTUFYYw$bxXp0QMERrMR0jG49SBo5GXZjoqNdzNDeI4EsKQ2Bu4', '2020-04-30 15:32:19', 't', 't', NULL, NULL, NULL),
(91, 'dsq@qsdqsd.qdsQsd', '[\"ROLE_USER\"]', '$argon2id$v=19$m=65536,t=4,p=1$Ni9rSkpEWWRWREp4ZmZDVQ$9HfcQ3aV8RDt82R4dLLWI7JJBc1wLDAJfjnfyYI1YPw', '2020-05-22 11:15:59', 'théo', 'sdqqsd', NULL, NULL, NULL),
(92, 'daz@z.AZD', '[\"ROLE_USER\"]', '$argon2id$v=19$m=65536,t=4,p=1$RURwMURFdDYyUGN6VGxNMg$B9ua+L8tOrlb2UNZnlKfHurr6fRjuSdVyIyk3BAtoBw', NULL, 'zda', 'az', NULL, 'ezf', 0);

--
-- Contraintes pour les tables déchargées
--

--
-- Contraintes pour la table `commandes`
--
ALTER TABLE `commandes`
  ADD CONSTRAINT `FK_35D4282CA76ED395` FOREIGN KEY (`user_id`) REFERENCES `user` (`id`),
  ADD CONSTRAINT `FK_35D4282CB1E7706E` FOREIGN KEY (`restaurant_id`) REFERENCES `restaurants` (`id`);

--
-- Contraintes pour la table `commande_plats`
--
ALTER TABLE `commande_plats`
  ADD CONSTRAINT `FK_BC22BDC982EA2E54` FOREIGN KEY (`commande_id`) REFERENCES `commandes` (`id`),
  ADD CONSTRAINT `FK_BC22BDC9CCD7E912` FOREIGN KEY (`menu_id`) REFERENCES `menu` (`id`) ON DELETE SET NULL,
  ADD CONSTRAINT `FK_BC22BDC9D73DB560` FOREIGN KEY (`plat_id`) REFERENCES `plats` (`id`) ON DELETE SET NULL;

--
-- Contraintes pour la table `feedback`
--
ALTER TABLE `feedback`
  ADD CONSTRAINT `FK_D2294458A76ED395` FOREIGN KEY (`user_id`) REFERENCES `user` (`id`),
  ADD CONSTRAINT `FK_D2294458B1E7706E` FOREIGN KEY (`restaurant_id`) REFERENCES `restaurants` (`id`);

--
-- Contraintes pour la table `menu`
--
ALTER TABLE `menu`
  ADD CONSTRAINT `FK_7D053A93B1E7706E` FOREIGN KEY (`restaurant_id`) REFERENCES `restaurants` (`id`);

--
-- Contraintes pour la table `menu_details`
--
ALTER TABLE `menu_details`
  ADD CONSTRAINT `FK_FAFD1634CCD7E912` FOREIGN KEY (`menu_id`) REFERENCES `menu` (`id`),
  ADD CONSTRAINT `FK_FAFD1634D73DB560` FOREIGN KEY (`plat_id`) REFERENCES `plats` (`id`);

--
-- Contraintes pour la table `plats`
--
ALTER TABLE `plats`
  ADD CONSTRAINT `FK_854A620A3DA5256D` FOREIGN KEY (`image_id`) REFERENCES `image` (`id`),
  ADD CONSTRAINT `FK_854A620A421D0C74` FOREIGN KEY (`plat_type_id`) REFERENCES `plats_types` (`id`),
  ADD CONSTRAINT `FK_854A620AB1E7706E` FOREIGN KEY (`restaurant_id`) REFERENCES `restaurants` (`id`);

--
-- Contraintes pour la table `plats_user`
--
ALTER TABLE `plats_user`
  ADD CONSTRAINT `FK_30D0E563A76ED395` FOREIGN KEY (`user_id`) REFERENCES `user` (`id`) ON DELETE CASCADE,
  ADD CONSTRAINT `FK_30D0E563AA14E1C8` FOREIGN KEY (`plats_id`) REFERENCES `plats` (`id`) ON DELETE CASCADE;

--
-- Contraintes pour la table `restaurants`
--
ALTER TABLE `restaurants`
  ADD CONSTRAINT `FK_AD8377243DA5256D` FOREIGN KEY (`image_id`) REFERENCES `image` (`id`),
  ADD CONSTRAINT `FK_AD837724A76ED395` FOREIGN KEY (`user_id`) REFERENCES `user` (`id`),
  ADD CONSTRAINT `FK_AD837724C54C8C93` FOREIGN KEY (`type_id`) REFERENCES `restaurant_types` (`id`);

--
-- Contraintes pour la table `user`
--
ALTER TABLE `user`
  ADD CONSTRAINT `FK_8D93D6493DA5256D` FOREIGN KEY (`image_id`) REFERENCES `image` (`id`);
COMMIT;

/*!40101 SET CHARACTER_SET_CLIENT=@OLD_CHARACTER_SET_CLIENT */;
/*!40101 SET CHARACTER_SET_RESULTS=@OLD_CHARACTER_SET_RESULTS */;
/*!40101 SET COLLATION_CONNECTION=@OLD_COLLATION_CONNECTION */;
